0;
 ;

256;-10,0;-10,0;-10,0;-10,0;-10,0;-10,0;-10,0;-10,0;-10,0;-10,0;-10,0;-10,0;-10,0;-10,0;-10,0;-10,0;-10,0;-10,0;-10,0;-10,0;-10,0;-10,0;-10,0;-10,0;-10,0;-10,0;-10,0;-10,0;-10,0;-10,0;-10,0;-10,0;-10,0;-10,0;-10,0;-10,0;-10,0;-10,0;-10,0;-10,0;-10,0;-10,0;-10,0;-10,0;-10,0;-10,0;-10,0;-10,0;-10,0;-10,0;-10,0;-10,0;-10,0;-10,0;-10,0;-10,0;-10,0;-10,0;-10,0;-10,0;-10,0;-10,0;-10,0;-10,0;-10,0;-10,0;-10,0;-10,0;-10,0;-10,0;-10,0;-10,0;-10,0;-10,0;-10,0;-10,0;-10,0;-10,0;-10,0;-10,0;-10,0;-10,0;-10,0;-10,0;-10,0;-10,0;-10,0;-10,0;-10,0;-10,0;-10,0;-10,0;-10,0;-10,0;-10,0;-10,0;-10,0;-10,0;-10,0;-10,0;-10,0;-10,0;-10,0;-10,0;-10,0;-10,0;-10,0;-10,0;-10,0;-10,0;-10,0;-10,0;-10,0;-10,0;-10,0;-10,0;-10,0;-10,0;-10,0;-10,0;-10,0;-10,0;-10,0;-10,0;-10,0;-10,0;-10,0;-10,0;-10,0;-10,0;-10,0;-10,0;-10,0;-10,0;-10,0;-10,0;-10,0;-10,0;-10,0;-10,0;-10,0;-10,0;-10,0;-10,0;-10,0;-10,0;-10,0;-10,0;-10,0;-10,0;-10,0;-10,0;-10,0;-10,0;-10,0;864,0256;862,8191;861,6213;860,4271;859,23804;858,0562;856,89026;855,74225;854,61487;853,4953;852,3819;851,28345;850,1947;849,1222;848,0501;846,96204;845,8621;844,7595;843,65204;842,5293;841,40356;840,26984;
 ;-10,0;-10,0;-10,0;-10,0;-10,0;-10,0;-10,0;-10,0;-10,0;-10,0;-10,0;-10,0;-10,0;-10,0;-10,0;-10,0;-10,0;-10,0;-10,0;-10,0;-10,0;-10,0;-10,0;-10,0;-10,0;-10,0;-10,0;-10,0;-10,0;-10,0;-10,0;-10,0;-10,0;-10,0;-10,0;-10,0;-10,0;-10,0;-10,0;-10,0;-10,0;-10,0;-10,0;-10,0;-10,0;-10,0;-10,0;-10,0;-10,0;-10,0;-10,0;-10,0;-10,0;-10,0;-10,0;-10,0;-10,0;-10,0;-10,0;-10,0;-10,0;-10,0;-10,0;-10,0;-10,0;-10,0;-10,0;-10,0;-10,0;-10,0;-10,0;-10,0;-10,0;-10,0;-10,0;-10,0;-10,0;-10,0;-10,0;-10,0;-10,0;-10,0;-10,0;-10,0;-10,0;-10,0;-10,0;-10,0;-10,0;-10,0;-10,0;-10,0;-10,0;-10,0;-10,0;-10,0;-10,0;-10,0;-10,0;-10,0;-10,0;-10,0;-10,0;-10,0;-10,0;-10,0;-10,0;-10,0;-10,0;-10,0;-10,0;-10,0;-10,0;-10,0;-10,0;-10,0;-10,0;-10,0;-10,0;-10,0;-10,0;-10,0;-10,0;-10,0;-10,0;-10,0;-10,0;-10,0;-10,0;-10,0;-10,0;-10,0;-10,0;-10,0;-10,0;-10,0;-10,0;-10,0;-10,0;-10,0;-10,0;-10,0;-10,0;-10,0;-10,0;-10,0;-10,0;-10,0;-10,0;-10,0;-10,0;-10,0;-10,0;-10,0;-10,0;352,8905;353,9851;355,09515;356,2262;357,3791;358,54395;359,73572;360,95154;362,1891;363,43164;364,67816;365,93195;367,19934;368,49;369,80957;371,12775;372,43854;373,74878;375,05487;376,35565;377,6634;378,96112;

257;-10,0;-10,0;-10,0;-10,0;-10,0;-10,0;-10,0;-10,0;-10,0;-10,0;-10,0;-10,0;-10,0;-10,0;-10,0;-10,0;-10,0;-10,0;-10,0;-10,0;-10,0;-10,0;-10,0;-10,0;-10,0;-10,0;-10,0;-10,0;-10,0;-10,0;-10,0;-10,0;-10,0;-10,0;-10,0;-10,0;-10,0;-10,0;-10,0;-10,0;-10,0;-10,0;-10,0;-10,0;-10,0;-10,0;-10,0;-10,0;-10,0;-10,0;-10,0;-10,0;-10,0;-10,0;-10,0;-10,0;-10,0;-10,0;-10,0;-10,0;-10,0;-10,0;-10,0;-10,0;-10,0;-10,0;-10,0;-10,0;-10,0;-10,0;-10,0;-10,0;-10,0;-10,0;-10,0;-10,0;-10,0;-10,0;-10,0;-10,0;-10,0;-10,0;-10,0;-10,0;-10,0;-10,0;-10,0;-10,0;-10,0;-10,0;-10,0;-10,0;-10,0;-10,0;-10,0;-10,0;-10,0;-10,0;-10,0;-10,0;-10,0;-10,0;-10,0;-10,0;-10,0;-10,0;-10,0;-10,0;-10,0;-10,0;-10,0;-10,0;-10,0;-10,0;-10,0;-10,0;-10,0;-10,0;-10,0;-10,0;-10,0;-10,0;-10,0;-10,0;-10,0;-10,0;-10,0;-10,0;-10,0;-10,0;-10,0;-10,0;-10,0;-10,0;-10,0;-10,0;-10,0;-10,0;-10,0;-10,0;-10,0;-10,0;-10,0;-10,0;-10,0;-10,0;-10,0;-10,0;-10,0;-10,0;-10,0;-10,0;-10,0;-10,0;-10,0;-10,0;-10,0;-10,0;-10,0;-10,0;-10,0;-10,0;-10,0;-10,0;-10,0;-10,0;475,55798;476,04956;476,53955;477,0205;477,48682;477,9486;478,41003;478,86694;479,32996;479,78662;480,23694;480,6903;481,15137;481,62793;482,10486;482,5769;483,0509;483,55164;484,0681;484,59204;485,10803;485,63464;486,17175;486,72375;487,28723;487,85474;488,43372;489,02515;489,64624;490,2975;490,9818;491,6914;492,4198;493,1687;493,93518;494,6974;495,44946;496,18323;496,8888;497,56824;498,23755;498,89136;499,5426;500,18762;500,83154;501,4784;502,12598;502,78564;503,463;504,15906;504,8789;505,6306;506,4015;507,17908;507,97375;508,7898;509,6189;510,44495;511,27332;512,094;512,9075;513,73303;514,57153;515,41797;516,26624;517,10815;517,94226;518,76;519,5669;520,36487;521,1598;521,94446;522,7053;523,44446;524,15894;524,8557;525,53076;526,18616;526,82336;527,43835;528,0188;528,577;529,1128;529,635;530,1492;530,6643;531,1793;531,6903;532,1842;532,67664;533,15845;533,6387;534,1151;534,5669;534,9789;535,3777;535,75574;536,1345;536,51135;536,879;537,2295;537,5525;537,8552;538,1283;538,3871;538,63806;538,8717;539,0753;539,2572;539,44763;539,6367;539,8014;539,9342;540,0304;540,10645;540,1664;540,20374;540,2324;540,2478;540,2689;540,2649;540,24097;540,1737;540,10486;540,0077;539,90027;539,80273;539,70886;539,6144;539,5134;539,41394;539,3074;539,18506;539,0565;538,9363;538,8059;538,66174;538,5051;538,33154;538,13464;537,9116;537,6676;537,3989;537,11804;536,8397;536,55457;536,2731;535,9984;535,7267;535,4625;535,193;534,9232;534,6555;534,3987;534,1587;533,93677;533,7152;533,4933;533,26636;533,0493;532,84546;532,6548;532,4684;532,28784;532,10095;531,9226;508,1908;508,12;508,0443;507,97546;507,9109;507,83704;507,75696;507,6737;507,58337;507,49548;507,39905;507,31995;507,25867;507,19604;504,31604;504,26233;504,19897;504,14197;504,09485;504,0548;504,03125;503,9984;503,96497;503,92712;503,88672;503,8562;503,8296;503,7976;503,76392;503,7246;503,67786;503,64136;503,60217;503,57678;503,53857;503,50854;503,48108;503,4607;503,43774;503,40234;503,3546;503,30347;503,25293;503,19714;503,13367;503,05847;502,9817;502,91614;502,8484;502,7932;502,74;464,0056;502,65808;464,02966;464,0227;464,00977;463,99316;463,97144;463,93896;463,9098;
 ;-10,0;-10,0;-10,0;-10,0;-10,0;-10,0;-10,0;-10,0;-10,0;-10,0;-10,0;-10,0;-10,0;-10,0;-10,0;-10,0;-10,0;-10,0;-10,0;-10,0;-10,0;-10,0;-10,0;-10,0;-10,0;-10,0;-10,0;-10,0;-10,0;-10,0;-10,0;-10,0;-10,0;-10,0;-10,0;-10,0;-10,0;-10,0;-10,0;-10,0;-10,0;-10,0;-10,0;-10,0;-10,0;-10,0;-10,0;-10,0;-10,0;-10,0;-10,0;-10,0;-10,0;-10,0;-10,0;-10,0;-10,0;-10,0;-10,0;-10,0;-10,0;-10,0;-10,0;-10,0;-10,0;-10,0;-10,0;-10,0;-10,0;-10,0;-10,0;-10,0;-10,0;-10,0;-10,0;-10,0;-10,0;-10,0;-10,0;-10,0;-10,0;-10,0;-10,0;-10,0;-10,0;-10,0;-10,0;-10,0;-10,0;-10,0;-10,0;-10,0;-10,0;-10,0;-10,0;-10,0;-10,0;-10,0;-10,0;-10,0;-10,0;-10,0;-10,0;-10,0;-10,0;-10,0;-10,0;-10,0;-10,0;-10,0;-10,0;-10,0;-10,0;-10,0;-10,0;-10,0;-10,0;-10,0;-10,0;-10,0;-10,0;-10,0;-10,0;-10,0;-10,0;-10,0;-10,0;-10,0;-10,0;-10,0;-10,0;-10,0;-10,0;-10,0;-10,0;-10,0;-10,0;-10,0;-10,0;-10,0;-10,0;-10,0;-10,0;-10,0;-10,0;-10,0;-10,0;-10,0;-10,0;-10,0;-10,0;-10,0;-10,0;-10,0;-10,0;-10,0;-10,0;-10,0;-10,0;-10,0;-10,0;-10,0;-10,0;-10,0;-10,0;-10,0;517,19434;518,943;520,7019;522,4668;524,2395;526,0049;527,75806;529,5045;531,2429;532,98083;534,7213;536,45667;538,19006;539,9121;541,6256;543,327;545,0266;546,71985;548,4076;550,08826;551,75867;553,4158;555,0609;556,6919;558,30566;559,9033;561,4851;563,053;564,61804;566,1737;567,7258;569,27966;570,83264;572,3816;573,9319;575,48584;577,0398;578,6045;580,1825;581,7794;583,39;585,01465;586,645;588,27185;589,8937;591,4966;593,0847;594,6581;596,20764;597,7422;599,256;600,7511;602,2363;603,703;605,1587;606,6078;608,0686;609,52844;610,98083;612,44324;613,9148;615,40015;616,8915;618,38794;619,88196;621,3655;622,83997;624,31274;625,77856;627,2405;628,69604;630,1537;631,6327;633,1261;634,6306;636,1399;637,6531;639,16565;640,68555;642,2118;643,74023;645,26794;646,79565;648,3202;649,8467;651,376;652,923;654,4894;656,06946;657,6564;659,2512;660,8545;662,4758;664,1117;665,7667;667,4348;669,1057;670,7733;672,4481;674,13354;675,824;677,5051;679,17834;680,8519;682,5176;684,1854;685,8624;687,54675;689,2446;690,9486;692,6598;694,3733;696,0917;697,8042;699,5138;701,21606;702,90796;704,58777;706,26306;707,9353;709,6073;711,2715;712,9314;714,5867;716,24817;717,9232;719,60547;721,2991;723,00964;724,7312;726,45874;728,1846;729,9071;731,6221;733,3252;735,0138;736,6958;738,37366;740,04614;741,71704;743,3865;745,0564;746,7229;748,3906;750,0636;751,7401;753,42737;755,1162;756,81396;758,51807;760,2117;761,90393;763,59534;765,28784;766,9829;768,6781;770,37354;772,06665;773,7522;775,4313;777,101;778,757;780,4224;782,08746;783,75024;785,4159;770,88135;772,5353;774,18555;775,8375;777,4849;779,14124;780,8117;782,4897;784,1836;785,88306;787,6;789,32465;791,04974;792,7778;795,02155;796,64124;798,2654;799,8886;801,5135;803,14105;804,76776;806,3947;808,0201;809,6436;811,2664;812,8778;814,47845;816,07794;817,6679;819,25604;820,83185;822,4007;823,96124;825,5255;827,0851;828,65234;830,2081;831,76575;833,3207;834,87213;836,4182;837,9645;839,501;841,02454;842,53253;844,03503;845,2074;846,7078;848,2111;849,7222;851,23364;833,4041;853,87897;836,41656;837,91296;839,41327;840,91486;842,4187;843,92017;845,4237;

258;-10,0;-10,0;-10,0;-10,0;-10,0;-10,0;-10,0;-10,0;-10,0;-10,0;-10,0;-10,0;-10,0;-10,0;-10,0;-10,0;-10,0;-10,0;-10,0;-10,0;-10,0;-10,0;-10,0;-10,0;-10,0;-10,0;-10,0;-10,0;-10,0;-10,0;-10,0;-10,0;-10,0;-10,0;-10,0;-10,0;-10,0;-10,0;-10,0;-10,0;-10,0;-10,0;-10,0;-10,0;-10,0;-10,0;-10,0;-10,0;-10,0;-10,0;-10,0;-10,0;-10,0;-10,0;-10,0;-10,0;-10,0;-10,0;-10,0;-10,0;-10,0;-10,0;-10,0;-10,0;-10,0;-10,0;-10,0;-10,0;-10,0;-10,0;-10,0;-10,0;-10,0;-10,0;-10,0;-10,0;-10,0;-10,0;-10,0;-10,0;-10,0;-10,0;-10,0;-10,0;-10,0;-10,0;-10,0;-10,0;-10,0;-10,0;-10,0;-10,0;-10,0;-10,0;-10,0;-10,0;-10,0;-10,0;-10,0;-10,0;-10,0;-10,0;-10,0;-10,0;-10,0;-10,0;-10,0;-10,0;-10,0;-10,0;-10,0;-10,0;-10,0;-10,0;-10,0;-10,0;-10,0;-10,0;-10,0;-10,0;-10,0;-10,0;-10,0;-10,0;-10,0;-10,0;-10,0;-10,0;-10,0;-10,0;-10,0;-10,0;-10,0;-10,0;-10,0;-10,0;-10,0;-10,0;-10,0;-10,0;-10,0;-10,0;-10,0;-10,0;-10,0;-10,0;-10,0;-10,0;-10,0;-10,0;-10,0;-10,0;-10,0;-10,0;-10,0;-10,0;-10,0;-10,0;-10,0;-10,0;-10,0;-10,0;-10,0;-10,0;-10,0;-10,0;-10,0;-10,0;-10,0;-10,0;-10,0;-10,0;-10,0;-10,0;-10,0;-10,0;-10,0;-10,0;-10,0;-10,0;-10,0;-10,0;-10,0;-10,0;-10,0;-10,0;-10,0;-10,0;-10,0;-10,0;-10,0;-10,0;-10,0;-10,0;-10,0;-10,0;-10,0;-10,0;-10,0;-10,0;-10,0;-10,0;-10,0;-10,0;-10,0;-10,0;-10,0;-10,0;-10,0;-10,0;-10,0;781,80524;780,446;779,1037;777,77954;776,47516;775,1917;773,9303;772,69214;771,47095;770,2629;769,0315;
 ;-10,0;-10,0;-10,0;-10,0;-10,0;-10,0;-10,0;-10,0;-10,0;-10,0;-10,0;-10,0;-10,0;-10,0;-10,0;-10,0;-10,0;-10,0;-10,0;-10,0;-10,0;-10,0;-10,0;-10,0;-10,0;-10,0;-10,0;-10,0;-10,0;-10,0;-10,0;-10,0;-10,0;-10,0;-10,0;-10,0;-10,0;-10,0;-10,0;-10,0;-10,0;-10,0;-10,0;-10,0;-10,0;-10,0;-10,0;-10,0;-10,0;-10,0;-10,0;-10,0;-10,0;-10,0;-10,0;-10,0;-10,0;-10,0;-10,0;-10,0;-10,0;-10,0;-10,0;-10,0;-10,0;-10,0;-10,0;-10,0;-10,0;-10,0;-10,0;-10,0;-10,0;-10,0;-10,0;-10,0;-10,0;-10,0;-10,0;-10,0;-10,0;-10,0;-10,0;-10,0;-10,0;-10,0;-10,0;-10,0;-10,0;-10,0;-10,0;-10,0;-10,0;-10,0;-10,0;-10,0;-10,0;-10,0;-10,0;-10,0;-10,0;-10,0;-10,0;-10,0;-10,0;-10,0;-10,0;-10,0;-10,0;-10,0;-10,0;-10,0;-10,0;-10,0;-10,0;-10,0;-10,0;-10,0;-10,0;-10,0;-10,0;-10,0;-10,0;-10,0;-10,0;-10,0;-10,0;-10,0;-10,0;-10,0;-10,0;-10,0;-10,0;-10,0;-10,0;-10,0;-10,0;-10,0;-10,0;-10,0;-10,0;-10,0;-10,0;-10,0;-10,0;-10,0;-10,0;-10,0;-10,0;-10,0;-10,0;-10,0;-10,0;-10,0;-10,0;-10,0;-10,0;-10,0;-10,0;-10,0;-10,0;-10,0;-10,0;-10,0;-10,0;-10,0;-10,0;-10,0;-10,0;-10,0;-10,0;-10,0;-10,0;-10,0;-10,0;-10,0;-10,0;-10,0;-10,0;-10,0;-10,0;-10,0;-10,0;-10,0;-10,0;-10,0;-10,0;-10,0;-10,0;-10,0;-10,0;-10,0;-10,0;-10,0;-10,0;-10,0;-10,0;-10,0;-10,0;-10,0;-10,0;-10,0;-10,0;-10,0;-10,0;-10,0;-10,0;-10,0;-10,0;-10,0;-10,0;158,2088;159,07684;159,97748;160,90845;161,86884;162,85785;163,87512;164,92029;165,9508;166,96869;167,97198;

259;-10,0;-10,0;-10,0;-10,0;-10,0;-10,0;-10,0;-10,0;-10,0;-10,0;-10,0;-10,0;-10,0;-10,0;-10,0;-10,0;-10,0;-10,0;-10,0;-10,0;-10,0;-10,0;-10,0;-10,0;-10,0;-10,0;-10,0;-10,0;-10,0;-10,0;-10,0;-10,0;-10,0;-10,0;-10,0;-10,0;-10,0;-10,0;-10,0;-10,0;-10,0;-10,0;-10,0;-10,0;-10,0;-10,0;-10,0;-10,0;-10,0;-10,0;-10,0;-10,0;-10,0;-10,0;-10,0;-10,0;-10,0;-10,0;-10,0;-10,0;-10,0;-10,0;-10,0;-10,0;-10,0;-10,0;-10,0;-10,0;-10,0;-10,0;-10,0;-10,0;-10,0;-10,0;-10,0;-10,0;-10,0;-10,0;-10,0;-10,0;-10,0;-10,0;-10,0;-10,0;-10,0;-10,0;-10,0;-10,0;-10,0;-10,0;-10,0;-10,0;-10,0;-10,0;-10,0;-10,0;-10,0;-10,0;-10,0;-10,0;-10,0;-10,0;-10,0;-10,0;-10,0;-10,0;-10,0;-10,0;-10,0;-10,0;-10,0;-10,0;-10,0;-10,0;-10,0;-10,0;-10,0;-10,0;-10,0;-10,0;-10,0;-10,0;-10,0;-10,0;-10,0;-10,0;-10,0;-10,0;-10,0;-10,0;-10,0;-10,0;-10,0;-10,0;-10,0;-10,0;-10,0;-10,0;-10,0;-10,0;-10,0;-10,0;-10,0;-10,0;-10,0;-10,0;-10,0;-10,0;-10,0;-10,0;-10,0;-10,0;-10,0;-10,0;-10,0;-10,0;-10,0;-10,0;-10,0;-10,0;-10,0;-10,0;-10,0;-10,0;-10,0;-10,0;-10,0;-10,0;-10,0;-10,0;-10,0;-10,0;-10,0;-10,0;-10,0;-10,0;-10,0;-10,0;-10,0;-10,0;-10,0;-10,0;-10,0;-10,0;-10,0;-10,0;-10,0;-10,0;-10,0;-10,0;-10,0;-10,0;-10,0;-10,0;-10,0;-10,0;-10,0;-10,0;-10,0;-10,0;-10,0;-10,0;-10,0;-10,0;-10,0;-10,0;-10,0;-10,0;-10,0;-10,0;-10,0;-10,0;-10,0;-10,0;-10,0;-10,0;-10,0;-10,0;-10,0;-10,0;-10,0;-10,0;-10,0;-10,0;-10,0;-10,0;-10,0;-10,0;-10,0;-10,0;-10,0;-10,0;-10,0;753,2095;751,85046;750,5046;749,1294;747,7239;746,3345;744,91626;743,5139;742,12427;740,7075;739,2634;737,79663;736,33374;734,906;733,5093;732,13965;730,7954;729,47485;728,17773;726,9033;725,65137;724,42163;723,20825;
 ;-10,0;-10,0;-10,0;-10,0;-10,0;-10,0;-10,0;-10,0;-10,0;-10,0;-10,0;-10,0;-10,0;-10,0;-10,0;-10,0;-10,0;-10,0;-10,0;-10,0;-10,0;-10,0;-10,0;-10,0;-10,0;-10,0;-10,0;-10,0;-10,0;-10,0;-10,0;-10,0;-10,0;-10,0;-10,0;-10,0;-10,0;-10,0;-10,0;-10,0;-10,0;-10,0;-10,0;-10,0;-10,0;-10,0;-10,0;-10,0;-10,0;-10,0;-10,0;-10,0;-10,0;-10,0;-10,0;-10,0;-10,0;-10,0;-10,0;-10,0;-10,0;-10,0;-10,0;-10,0;-10,0;-10,0;-10,0;-10,0;-10,0;-10,0;-10,0;-10,0;-10,0;-10,0;-10,0;-10,0;-10,0;-10,0;-10,0;-10,0;-10,0;-10,0;-10,0;-10,0;-10,0;-10,0;-10,0;-10,0;-10,0;-10,0;-10,0;-10,0;-10,0;-10,0;-10,0;-10,0;-10,0;-10,0;-10,0;-10,0;-10,0;-10,0;-10,0;-10,0;-10,0;-10,0;-10,0;-10,0;-10,0;-10,0;-10,0;-10,0;-10,0;-10,0;-10,0;-10,0;-10,0;-10,0;-10,0;-10,0;-10,0;-10,0;-10,0;-10,0;-10,0;-10,0;-10,0;-10,0;-10,0;-10,0;-10,0;-10,0;-10,0;-10,0;-10,0;-10,0;-10,0;-10,0;-10,0;-10,0;-10,0;-10,0;-10,0;-10,0;-10,0;-10,0;-10,0;-10,0;-10,0;-10,0;-10,0;-10,0;-10,0;-10,0;-10,0;-10,0;-10,0;-10,0;-10,0;-10,0;-10,0;-10,0;-10,0;-10,0;-10,0;-10,0;-10,0;-10,0;-10,0;-10,0;-10,0;-10,0;-10,0;-10,0;-10,0;-10,0;-10,0;-10,0;-10,0;-10,0;-10,0;-10,0;-10,0;-10,0;-10,0;-10,0;-10,0;-10,0;-10,0;-10,0;-10,0;-10,0;-10,0;-10,0;-10,0;-10,0;-10,0;-10,0;-10,0;-10,0;-10,0;-10,0;-10,0;-10,0;-10,0;-10,0;-10,0;-10,0;-10,0;-10,0;-10,0;-10,0;-10,0;-10,0;-10,0;-10,0;-10,0;-10,0;-10,0;-10,0;-10,0;-10,0;-10,0;-10,0;-10,0;-10,0;-10,0;-10,0;-10,0;-10,0;-10,0;-10,0;-10,0;180,20331;181,16364;182,15039;183,11609;184,06451;185,04547;186,00708;187,00098;188,02094;189,01654;189,99329;190,9563;191,9273;192,89038;193,8476;194,80048;195,75024;196,69727;197,64172;198,58362;199,52283;200,4591;201,42194;

260;-10,0;-10,0;-10,0;-10,0;-10,0;-10,0;-10,0;-10,0;-10,0;-10,0;-10,0;-10,0;-10,0;-10,0;-10,0;-10,0;-10,0;-10,0;-10,0;-10,0;-10,0;-10,0;-10,0;-10,0;-10,0;-10,0;-10,0;-10,0;-10,0;-10,0;-10,0;-10,0;-10,0;-10,0;-10,0;-10,0;-10,0;-10,0;-10,0;-10,0;-10,0;-10,0;-10,0;-10,0;-10,0;-10,0;-10,0;-10,0;-10,0;-10,0;-10,0;-10,0;-10,0;-10,0;-10,0;-10,0;-10,0;-10,0;-10,0;-10,0;-10,0;-10,0;-10,0;-10,0;-10,0;-10,0;-10,0;-10,0;-10,0;-10,0;-10,0;-10,0;-10,0;-10,0;-10,0;-10,0;-10,0;-10,0;-10,0;-10,0;-10,0;-10,0;-10,0;-10,0;-10,0;-10,0;-10,0;-10,0;-10,0;-10,0;-10,0;-10,0;-10,0;-10,0;-10,0;-10,0;-10,0;-10,0;-10,0;-10,0;-10,0;-10,0;-10,0;-10,0;-10,0;-10,0;-10,0;-10,0;-10,0;-10,0;-10,0;-10,0;-10,0;-10,0;-10,0;-10,0;-10,0;-10,0;-10,0;-10,0;-10,0;-10,0;-10,0;-10,0;-10,0;-10,0;-10,0;-10,0;-10,0;-10,0;-10,0;-10,0;-10,0;-10,0;-10,0;-10,0;-10,0;-10,0;-10,0;-10,0;-10,0;-10,0;-10,0;-10,0;-10,0;-10,0;-10,0;-10,0;-10,0;-10,0;-10,0;-10,0;-10,0;-10,0;-10,0;-10,0;-10,0;-10,0;-10,0;-10,0;-10,0;-10,0;-10,0;-10,0;-10,0;-10,0;-10,0;-10,0;-10,0;-10,0;-10,0;-10,0;-10,0;-10,0;-10,0;-10,0;-10,0;-10,0;-10,0;-10,0;-10,0;-10,0;-10,0;-10,0;-10,0;-10,0;-10,0;-10,0;-10,0;-10,0;-10,0;-10,0;-10,0;-10,0;-10,0;-10,0;-10,0;-10,0;-10,0;-10,0;-10,0;-10,0;-10,0;-10,0;-10,0;-10,0;-10,0;-10,0;-10,0;-10,0;-10,0;-10,0;-10,0;-10,0;-10,0;-10,0;-10,0;-10,0;-10,0;-10,0;-10,0;-10,0;-10,0;-10,0;-10,0;-10,0;-10,0;-10,0;-10,0;-10,0;-10,0;-10,0;-10,0;-10,0;-10,0;-10,0;-10,0;-10,0;-10,0;-10,0;-10,0;-10,0;-10,0;-10,0;-10,0;-10,0;-10,0;-10,0;-10,0;-10,0;-10,0;-10,0;-10,0;-10,0;-10,0;-10,0;-10,0;720,8013;
 ;-10,0;-10,0;-10,0;-10,0;-10,0;-10,0;-10,0;-10,0;-10,0;-10,0;-10,0;-10,0;-10,0;-10,0;-10,0;-10,0;-10,0;-10,0;-10,0;-10,0;-10,0;-10,0;-10,0;-10,0;-10,0;-10,0;-10,0;-10,0;-10,0;-10,0;-10,0;-10,0;-10,0;-10,0;-10,0;-10,0;-10,0;-10,0;-10,0;-10,0;-10,0;-10,0;-10,0;-10,0;-10,0;-10,0;-10,0;-10,0;-10,0;-10,0;-10,0;-10,0;-10,0;-10,0;-10,0;-10,0;-10,0;-10,0;-10,0;-10,0;-10,0;-10,0;-10,0;-10,0;-10,0;-10,0;-10,0;-10,0;-10,0;-10,0;-10,0;-10,0;-10,0;-10,0;-10,0;-10,0;-10,0;-10,0;-10,0;-10,0;-10,0;-10,0;-10,0;-10,0;-10,0;-10,0;-10,0;-10,0;-10,0;-10,0;-10,0;-10,0;-10,0;-10,0;-10,0;-10,0;-10,0;-10,0;-10,0;-10,0;-10,0;-10,0;-10,0;-10,0;-10,0;-10,0;-10,0;-10,0;-10,0;-10,0;-10,0;-10,0;-10,0;-10,0;-10,0;-10,0;-10,0;-10,0;-10,0;-10,0;-10,0;-10,0;-10,0;-10,0;-10,0;-10,0;-10,0;-10,0;-10,0;-10,0;-10,0;-10,0;-10,0;-10,0;-10,0;-10,0;-10,0;-10,0;-10,0;-10,0;-10,0;-10,0;-10,0;-10,0;-10,0;-10,0;-10,0;-10,0;-10,0;-10,0;-10,0;-10,0;-10,0;-10,0;-10,0;-10,0;-10,0;-10,0;-10,0;-10,0;-10,0;-10,0;-10,0;-10,0;-10,0;-10,0;-10,0;-10,0;-10,0;-10,0;-10,0;-10,0;-10,0;-10,0;-10,0;-10,0;-10,0;-10,0;-10,0;-10,0;-10,0;-10,0;-10,0;-10,0;-10,0;-10,0;-10,0;-10,0;-10,0;-10,0;-10,0;-10,0;-10,0;-10,0;-10,0;-10,0;-10,0;-10,0;-10,0;-10,0;-10,0;-10,0;-10,0;-10,0;-10,0;-10,0;-10,0;-10,0;-10,0;-10,0;-10,0;-10,0;-10,0;-10,0;-10,0;-10,0;-10,0;-10,0;-10,0;-10,0;-10,0;-10,0;-10,0;-10,0;-10,0;-10,0;-10,0;-10,0;-10,0;-10,0;-10,0;-10,0;-10,0;-10,0;-10,0;-10,0;-10,0;-10,0;-10,0;-10,0;-10,0;-10,0;-10,0;-10,0;-10,0;-10,0;-10,0;-10,0;-10,0;-10,0;-10,0;-10,0;-10,0;-10,0;-10,0;-10,0;-10,0;203,40509;

261;-10,0;-10,0;-10,0;-10,0;-10,0;-10,0;-10,0;-10,0;-10,0;-10,0;-10,0;-10,0;-10,0;-10,0;-10,0;-10,0;-10,0;-10,0;-10,0;-10,0;-10,0;-10,0;-10,0;-10,0;-10,0;-10,0;-10,0;-10,0;-10,0;-10,0;-10,0;-10,0;-10,0;-10,0;-10,0;-10,0;-10,0;-10,0;-10,0;-10,0;-10,0;-10,0;-10,0;-10,0;-10,0;-10,0;-10,0;-10,0;-10,0;-10,0;-10,0;-10,0;-10,0;-10,0;-10,0;-10,0;-10,0;-10,0;-10,0;-10,0;-10,0;-10,0;-10,0;-10,0;-10,0;-10,0;-10,0;-10,0;-10,0;-10,0;-10,0;-10,0;-10,0;-10,0;-10,0;-10,0;-10,0;-10,0;-10,0;-10,0;-10,0;-10,0;-10,0;-10,0;-10,0;-10,0;-10,0;-10,0;-10,0;-10,0;-10,0;-10,0;-10,0;-10,0;-10,0;-10,0;-10,0;-10,0;-10,0;-10,0;-10,0;-10,0;-10,0;-10,0;-10,0;-10,0;-10,0;-10,0;-10,0;-10,0;-10,0;-10,0;-10,0;-10,0;-10,0;-10,0;-10,0;-10,0;-10,0;-10,0;-10,0;-10,0;-10,0;-10,0;-10,0;-10,0;-10,0;-10,0;-10,0;-10,0;-10,0;-10,0;-10,0;-10,0;-10,0;-10,0;-10,0;-10,0;-10,0;-10,0;-10,0;-10,0;-10,0;-10,0;-10,0;-10,0;-10,0;-10,0;-10,0;-10,0;-10,0;-10,0;-10,0;-10,0;-10,0;-10,0;-10,0;-10,0;-10,0;-10,0;-10,0;-10,0;-10,0;-10,0;-10,0;-10,0;-10,0;-10,0;-10,0;-10,0;-10,0;-10,0;-10,0;-10,0;-10,0;-10,0;-10,0;-10,0;-10,0;-10,0;-10,0;-10,0;-10,0;-10,0;-10,0;-10,0;-10,0;-10,0;-10,0;-10,0;-10,0;-10,0;-10,0;-10,0;-10,0;-10,0;-10,0;-10,0;-10,0;-10,0;-10,0;-10,0;-10,0;-10,0;-10,0;-10,0;-10,0;-10,0;-10,0;-10,0;-10,0;-10,0;-10,0;-10,0;-10,0;-10,0;-10,0;-10,0;-10,0;-10,0;-10,0;-10,0;-10,0;-10,0;-10,0;-10,0;-10,0;-10,0;-10,0;-10,0;-10,0;-10,0;-10,0;-10,0;-10,0;-10,0;-10,0;-10,0;-10,0;-10,0;-10,0;-10,0;-10,0;-10,0;-10,0;-10,0;-10,0;-10,0;-10,0;-10,0;-10,0;-10,0;-10,0;-10,0;-10,0;-10,0;-10,0;-10,0;-10,0;-10,0;-10,0;-10,0;-10,0;-10,0;-10,0;-10,0;-10,0;-10,0;-10,0;-10,0;-10,0;-10,0;-10,0;-10,0;-10,0;-10,0;-10,0;-10,0;-10,0;-10,0;-10,0;-10,0;-10,0;-10,0;-10,0;-10,0;-10,0;-10,0;-10,0;-10,0;-10,0;-10,0;-10,0;-10,0;-10,0;-10,0;-10,0;-10,0;-10,0;-10,0;-10,0;-10,0;-10,0;-10,0;-10,0;-10,0;-10,0;-10,0;-10,0;-10,0;-10,0;-10,0;-10,0;-10,0;-10,0;-10,0;-10,0;-10,0;-10,0;-10,0;-10,0;-10,0;-10,0;-10,0;-10,0;-10,0;-10,0;-10,0;-10,0;-10,0;-10,0;-10,0;-10,0;-10,0;-10,0;-10,0;-10,0;-10,0;-10,0;-10,0;-10,0;-10,0;-10,0;-10,0;-10,0;-10,0;-10,0;797,6064;798,2657;798,89667;799,505;800,10095;800,7028;801,32135;801,96234;802,63605;803,33093;804,04834;804,78485;805,5668;806,3945;807,2676;808,15015;809,03564;809,91736;810,80145;811,6879;812,576;813,46405;814,3631;815,2487;816,11664;816,96405;817,8029;818,6344;819,45764;820,2692;821,0604;821,844;822,62866;823,4133;824,18787;824,9513;825,7042;826,4457;827,17426;827,889;828,58875;829,27246;829,9309;830,59076;831,2776;
 ;-10,0;-10,0;-10,0;-10,0;-10,0;-10,0;-10,0;-10,0;-10,0;-10,0;-10,0;-10,0;-10,0;-10,0;-10,0;-10,0;-10,0;-10,0;-10,0;-10,0;-10,0;-10,0;-10,0;-10,0;-10,0;-10,0;-10,0;-10,0;-10,0;-10,0;-10,0;-10,0;-10,0;-10,0;-10,0;-10,0;-10,0;-10,0;-10,0;-10,0;-10,0;-10,0;-10,0;-10,0;-10,0;-10,0;-10,0;-10,0;-10,0;-10,0;-10,0;-10,0;-10,0;-10,0;-10,0;-10,0;-10,0;-10,0;-10,0;-10,0;-10,0;-10,0;-10,0;-10,0;-10,0;-10,0;-10,0;-10,0;-10,0;-10,0;-10,0;-10,0;-10,0;-10,0;-10,0;-10,0;-10,0;-10,0;-10,0;-10,0;-10,0;-10,0;-10,0;-10,0;-10,0;-10,0;-10,0;-10,0;-10,0;-10,0;-10,0;-10,0;-10,0;-10,0;-10,0;-10,0;-10,0;-10,0;-10,0;-10,0;-10,0;-10,0;-10,0;-10,0;-10,0;-10,0;-10,0;-10,0;-10,0;-10,0;-10,0;-10,0;-10,0;-10,0;-10,0;-10,0;-10,0;-10,0;-10,0;-10,0;-10,0;-10,0;-10,0;-10,0;-10,0;-10,0;-10,0;-10,0;-10,0;-10,0;-10,0;-10,0;-10,0;-10,0;-10,0;-10,0;-10,0;-10,0;-10,0;-10,0;-10,0;-10,0;-10,0;-10,0;-10,0;-10,0;-10,0;-10,0;-10,0;-10,0;-10,0;-10,0;-10,0;-10,0;-10,0;-10,0;-10,0;-10,0;-10,0;-10,0;-10,0;-10,0;-10,0;-10,0;-10,0;-10,0;-10,0;-10,0;-10,0;-10,0;-10,0;-10,0;-10,0;-10,0;-10,0;-10,0;-10,0;-10,0;-10,0;-10,0;-10,0;-10,0;-10,0;-10,0;-10,0;-10,0;-10,0;-10,0;-10,0;-10,0;-10,0;-10,0;-10,0;-10,0;-10,0;-10,0;-10,0;-10,0;-10,0;-10,0;-10,0;-10,0;-10,0;-10,0;-10,0;-10,0;-10,0;-10,0;-10,0;-10,0;-10,0;-10,0;-10,0;-10,0;-10,0;-10,0;-10,0;-10,0;-10,0;-10,0;-10,0;-10,0;-10,0;-10,0;-10,0;-10,0;-10,0;-10,0;-10,0;-10,0;-10,0;-10,0;-10,0;-10,0;-10,0;-10,0;-10,0;-10,0;-10,0;-10,0;-10,0;-10,0;-10,0;-10,0;-10,0;-10,0;-10,0;-10,0;-10,0;-10,0;-10,0;-10,0;-10,0;-10,0;-10,0;-10,0;-10,0;-10,0;-10,0;-10,0;-10,0;-10,0;-10,0;-10,0;-10,0;-10,0;-10,0;-10,0;-10,0;-10,0;-10,0;-10,0;-10,0;-10,0;-10,0;-10,0;-10,0;-10,0;-10,0;-10,0;-10,0;-10,0;-10,0;-10,0;-10,0;-10,0;-10,0;-10,0;-10,0;-10,0;-10,0;-10,0;-10,0;-10,0;-10,0;-10,0;-10,0;-10,0;-10,0;-10,0;-10,0;-10,0;-10,0;-10,0;-10,0;-10,0;-10,0;-10,0;-10,0;-10,0;-10,0;-10,0;-10,0;-10,0;-10,0;-10,0;-10,0;-10,0;-10,0;-10,0;-10,0;-10,0;-10,0;-10,0;-10,0;-10,0;-10,0;-10,0;-10,0;-10,0;-10,0;-10,0;-10,0;-10,0;-10,0;-10,0;-10,0;-10,0;-10,0;-10,0;-10,0;-10,0;-10,0;-10,0;-10,0;-10,0;-10,0;556,6144;558,1963;559,77954;561,36487;562,9685;564,5934;566,2412;567,8878;569,52563;571,1504;572,7637;574,3722;575,97327;577,56104;579,1334;580,69604;582,25134;583,7838;585,29224;586,77527;588,2322;589,66125;591,06555;592,4584;593,83276;595,2007;596,57983;597,9739;599,3823;600,79004;602,1869;603,5741;604,97363;606,3832;607,8091;609,25;610,7041;612,16956;613,64465;615,1278;616,61743;618,11206;619,61633;621,1278;622,6481;

262;-10,0;-10,0;-10,0;-10,0;-10,0;-10,0;-10,0;-10,0;-10,0;-10,0;-10,0;-10,0;-10,0;-10,0;-10,0;-10,0;-10,0;-10,0;-10,0;-10,0;-10,0;-10,0;-10,0;-10,0;-10,0;-10,0;-10,0;-10,0;-10,0;-10,0;-10,0;-10,0;-10,0;-10,0;-10,0;-10,0;-10,0;-10,0;-10,0;-10,0;-10,0;-10,0;-10,0;-10,0;-10,0;-10,0;-10,0;-10,0;-10,0;-10,0;-10,0;-10,0;-10,0;-10,0;-10,0;-10,0;-10,0;-10,0;-10,0;-10,0;-10,0;-10,0;-10,0;-10,0;-10,0;-10,0;-10,0;-10,0;-10,0;-10,0;-10,0;-10,0;-10,0;-10,0;-10,0;-10,0;-10,0;-10,0;-10,0;-10,0;-10,0;-10,0;-10,0;-10,0;-10,0;-10,0;-10,0;-10,0;-10,0;-10,0;-10,0;-10,0;-10,0;-10,0;-10,0;-10,0;-10,0;-10,0;-10,0;-10,0;-10,0;-10,0;-10,0;-10,0;-10,0;-10,0;-10,0;-10,0;-10,0;-10,0;-10,0;-10,0;-10,0;-10,0;-10,0;-10,0;-10,0;-10,0;-10,0;-10,0;-10,0;-10,0;-10,0;-10,0;-10,0;-10,0;-10,0;-10,0;-10,0;-10,0;-10,0;-10,0;-10,0;-10,0;-10,0;-10,0;-10,0;-10,0;-10,0;-10,0;-10,0;-10,0;-10,0;-10,0;-10,0;-10,0;-10,0;-10,0;-10,0;-10,0;-10,0;-10,0;-10,0;-10,0;-10,0;-10,0;-10,0;-10,0;-10,0;-10,0;-10,0;-10,0;-10,0;-10,0;-10,0;-10,0;-10,0;-10,0;-10,0;-10,0;-10,0;-10,0;-10,0;-10,0;-10,0;-10,0;-10,0;-10,0;-10,0;-10,0;-10,0;-10,0;-10,0;-10,0;-10,0;-10,0;-10,0;-10,0;-10,0;-10,0;-10,0;-10,0;-10,0;-10,0;-10,0;-10,0;-10,0;-10,0;-10,0;-10,0;-10,0;-10,0;-10,0;-10,0;-10,0;-10,0;-10,0;-10,0;-10,0;-10,0;-10,0;-10,0;-10,0;-10,0;-10,0;-10,0;-10,0;-10,0;-10,0;-10,0;-10,0;-10,0;-10,0;-10,0;-10,0;-10,0;-10,0;-10,0;-10,0;-10,0;-10,0;-10,0;-10,0;-10,0;-10,0;-10,0;-10,0;-10,0;-10,0;-10,0;-10,0;-10,0;-10,0;-10,0;-10,0;-10,0;-10,0;-10,0;-10,0;-10,0;-10,0;-10,0;-10,0;-10,0;-10,0;-10,0;-10,0;-10,0;-10,0;-10,0;-10,0;-10,0;-10,0;-10,0;-10,0;-10,0;-10,0;-10,0;-10,0;-10,0;-10,0;-10,0;-10,0;-10,0;-10,0;-10,0;-10,0;-10,0;-10,0;-10,0;-10,0;-10,0;-10,0;-10,0;-10,0;-10,0;-10,0;-10,0;-10,0;-10,0;-10,0;-10,0;-10,0;-10,0;-10,0;-10,0;-10,0;-10,0;-10,0;-10,0;-10,0;-10,0;-10,0;-10,0;-10,0;-10,0;-10,0;-10,0;-10,0;-10,0;-10,0;-10,0;-10,0;-10,0;-10,0;-10,0;-10,0;-10,0;-10,0;-10,0;-10,0;-10,0;-10,0;-10,0;-10,0;-10,0;-10,0;-10,0;-10,0;-10,0;-10,0;-10,0;-10,0;-10,0;-10,0;-10,0;-10,0;-10,0;-10,0;-10,0;-10,0;-10,0;-10,0;-10,0;-10,0;-10,0;-10,0;-10,0;-10,0;-10,0;-10,0;-10,0;-10,0;-10,0;-10,0;-10,0;-10,0;-10,0;-10,0;-10,0;-10,0;-10,0;-10,0;-10,0;-10,0;-10,0;-10,0;-10,0;-10,0;-10,0;-10,0;-10,0;-10,0;-10,0;-10,0;-10,0;-10,0;-10,0;-10,0;-10,0;-10,0;-10,0;-10,0;567,6843;
 ;-10,0;-10,0;-10,0;-10,0;-10,0;-10,0;-10,0;-10,0;-10,0;-10,0;-10,0;-10,0;-10,0;-10,0;-10,0;-10,0;-10,0;-10,0;-10,0;-10,0;-10,0;-10,0;-10,0;-10,0;-10,0;-10,0;-10,0;-10,0;-10,0;-10,0;-10,0;-10,0;-10,0;-10,0;-10,0;-10,0;-10,0;-10,0;-10,0;-10,0;-10,0;-10,0;-10,0;-10,0;-10,0;-10,0;-10,0;-10,0;-10,0;-10,0;-10,0;-10,0;-10,0;-10,0;-10,0;-10,0;-10,0;-10,0;-10,0;-10,0;-10,0;-10,0;-10,0;-10,0;-10,0;-10,0;-10,0;-10,0;-10,0;-10,0;-10,0;-10,0;-10,0;-10,0;-10,0;-10,0;-10,0;-10,0;-10,0;-10,0;-10,0;-10,0;-10,0;-10,0;-10,0;-10,0;-10,0;-10,0;-10,0;-10,0;-10,0;-10,0;-10,0;-10,0;-10,0;-10,0;-10,0;-10,0;-10,0;-10,0;-10,0;-10,0;-10,0;-10,0;-10,0;-10,0;-10,0;-10,0;-10,0;-10,0;-10,0;-10,0;-10,0;-10,0;-10,0;-10,0;-10,0;-10,0;-10,0;-10,0;-10,0;-10,0;-10,0;-10,0;-10,0;-10,0;-10,0;-10,0;-10,0;-10,0;-10,0;-10,0;-10,0;-10,0;-10,0;-10,0;-10,0;-10,0;-10,0;-10,0;-10,0;-10,0;-10,0;-10,0;-10,0;-10,0;-10,0;-10,0;-10,0;-10,0;-10,0;-10,0;-10,0;-10,0;-10,0;-10,0;-10,0;-10,0;-10,0;-10,0;-10,0;-10,0;-10,0;-10,0;-10,0;-10,0;-10,0;-10,0;-10,0;-10,0;-10,0;-10,0;-10,0;-10,0;-10,0;-10,0;-10,0;-10,0;-10,0;-10,0;-10,0;-10,0;-10,0;-10,0;-10,0;-10,0;-10,0;-10,0;-10,0;-10,0;-10,0;-10,0;-10,0;-10,0;-10,0;-10,0;-10,0;-10,0;-10,0;-10,0;-10,0;-10,0;-10,0;-10,0;-10,0;-10,0;-10,0;-10,0;-10,0;-10,0;-10,0;-10,0;-10,0;-10,0;-10,0;-10,0;-10,0;-10,0;-10,0;-10,0;-10,0;-10,0;-10,0;-10,0;-10,0;-10,0;-10,0;-10,0;-10,0;-10,0;-10,0;-10,0;-10,0;-10,0;-10,0;-10,0;-10,0;-10,0;-10,0;-10,0;-10,0;-10,0;-10,0;-10,0;-10,0;-10,0;-10,0;-10,0;-10,0;-10,0;-10,0;-10,0;-10,0;-10,0;-10,0;-10,0;-10,0;-10,0;-10,0;-10,0;-10,0;-10,0;-10,0;-10,0;-10,0;-10,0;-10,0;-10,0;-10,0;-10,0;-10,0;-10,0;-10,0;-10,0;-10,0;-10,0;-10,0;-10,0;-10,0;-10,0;-10,0;-10,0;-10,0;-10,0;-10,0;-10,0;-10,0;-10,0;-10,0;-10,0;-10,0;-10,0;-10,0;-10,0;-10,0;-10,0;-10,0;-10,0;-10,0;-10,0;-10,0;-10,0;-10,0;-10,0;-10,0;-10,0;-10,0;-10,0;-10,0;-10,0;-10,0;-10,0;-10,0;-10,0;-10,0;-10,0;-10,0;-10,0;-10,0;-10,0;-10,0;-10,0;-10,0;-10,0;-10,0;-10,0;-10,0;-10,0;-10,0;-10,0;-10,0;-10,0;-10,0;-10,0;-10,0;-10,0;-10,0;-10,0;-10,0;-10,0;-10,0;-10,0;-10,0;-10,0;-10,0;-10,0;-10,0;-10,0;-10,0;-10,0;-10,0;-10,0;-10,0;-10,0;-10,0;-10,0;-10,0;-10,0;-10,0;-10,0;-10,0;-10,0;-10,0;-10,0;-10,0;-10,0;-10,0;-10,0;-10,0;-10,0;-10,0;-10,0;-10,0;-10,0;-10,0;-10,0;-10,0;-10,0;-10,0;-10,0;-10,0;-10,0;-10,0;884,41907;

263;-10,0;-10,0;-10,0;-10,0;-10,0;-10,0;-10,0;-10,0;-10,0;-10,0;-10,0;-10,0;-10,0;-10,0;-10,0;-10,0;-10,0;-10,0;-10,0;-10,0;-10,0;-10,0;-10,0;-10,0;-10,0;-10,0;-10,0;-10,0;-10,0;-10,0;-10,0;-10,0;-10,0;-10,0;-10,0;-10,0;-10,0;-10,0;-10,0;-10,0;-10,0;-10,0;-10,0;-10,0;-10,0;-10,0;-10,0;-10,0;-10,0;-10,0;-10,0;-10,0;-10,0;-10,0;-10,0;-10,0;-10,0;-10,0;-10,0;-10,0;-10,0;-10,0;-10,0;-10,0;-10,0;-10,0;-10,0;-10,0;-10,0;-10,0;-10,0;-10,0;-10,0;-10,0;-10,0;-10,0;-10,0;-10,0;-10,0;-10,0;-10,0;-10,0;-10,0;-10,0;-10,0;-10,0;-10,0;-10,0;-10,0;-10,0;-10,0;-10,0;-10,0;-10,0;-10,0;-10,0;-10,0;-10,0;-10,0;-10,0;-10,0;-10,0;-10,0;-10,0;-10,0;-10,0;-10,0;-10,0;-10,0;-10,0;-10,0;-10,0;-10,0;-10,0;-10,0;-10,0;-10,0;-10,0;-10,0;-10,0;-10,0;-10,0;-10,0;-10,0;-10,0;-10,0;-10,0;-10,0;-10,0;-10,0;-10,0;-10,0;-10,0;-10,0;-10,0;-10,0;-10,0;-10,0;-10,0;-10,0;-10,0;-10,0;-10,0;-10,0;-10,0;-10,0;-10,0;-10,0;-10,0;-10,0;-10,0;-10,0;-10,0;-10,0;-10,0;-10,0;-10,0;-10,0;-10,0;-10,0;-10,0;-10,0;-10,0;-10,0;-10,0;-10,0;-10,0;-10,0;-10,0;-10,0;-10,0;-10,0;-10,0;-10,0;-10,0;-10,0;-10,0;-10,0;-10,0;-10,0;-10,0;-10,0;-10,0;-10,0;-10,0;-10,0;-10,0;-10,0;-10,0;-10,0;-10,0;-10,0;-10,0;-10,0;-10,0;-10,0;-10,0;-10,0;-10,0;-10,0;-10,0;-10,0;-10,0;-10,0;-10,0;-10,0;-10,0;-10,0;-10,0;-10,0;-10,0;-10,0;-10,0;-10,0;-10,0;-10,0;-10,0;-10,0;-10,0;-10,0;-10,0;-10,0;-10,0;-10,0;-10,0;-10,0;-10,0;-10,0;-10,0;-10,0;-10,0;-10,0;-10,0;-10,0;-10,0;-10,0;-10,0;-10,0;-10,0;-10,0;-10,0;-10,0;-10,0;-10,0;-10,0;-10,0;-10,0;-10,0;-10,0;-10,0;-10,0;-10,0;-10,0;-10,0;-10,0;-10,0;-10,0;-10,0;-10,0;-10,0;-10,0;-10,0;-10,0;-10,0;-10,0;-10,0;-10,0;-10,0;-10,0;-10,0;-10,0;-10,0;-10,0;-10,0;-10,0;-10,0;-10,0;-10,0;-10,0;-10,0;-10,0;-10,0;-10,0;-10,0;-10,0;-10,0;-10,0;-10,0;-10,0;-10,0;-10,0;-10,0;-10,0;-10,0;-10,0;-10,0;-10,0;-10,0;-10,0;-10,0;-10,0;-10,0;-10,0;-10,0;-10,0;-10,0;-10,0;-10,0;-10,0;-10,0;-10,0;-10,0;-10,0;-10,0;-10,0;-10,0;-10,0;-10,0;-10,0;-10,0;-10,0;-10,0;-10,0;-10,0;-10,0;-10,0;-10,0;-10,0;-10,0;-10,0;-10,0;-10,0;-10,0;-10,0;-10,0;-10,0;-10,0;-10,0;-10,0;-10,0;-10,0;-10,0;-10,0;-10,0;-10,0;-10,0;-10,0;-10,0;-10,0;-10,0;-10,0;-10,0;-10,0;-10,0;-10,0;-10,0;-10,0;-10,0;-10,0;-10,0;-10,0;-10,0;-10,0;-10,0;-10,0;-10,0;-10,0;-10,0;-10,0;-10,0;-10,0;-10,0;-10,0;-10,0;-10,0;-10,0;-10,0;-10,0;-10,0;-10,0;-10,0;-10,0;-10,0;-10,0;-10,0;567,46924;567,3992;567,35205;567,32007;567,3176;567,35645;567,41455;
 ;-10,0;-10,0;-10,0;-10,0;-10,0;-10,0;-10,0;-10,0;-10,0;-10,0;-10,0;-10,0;-10,0;-10,0;-10,0;-10,0;-10,0;-10,0;-10,0;-10,0;-10,0;-10,0;-10,0;-10,0;-10,0;-10,0;-10,0;-10,0;-10,0;-10,0;-10,0;-10,0;-10,0;-10,0;-10,0;-10,0;-10,0;-10,0;-10,0;-10,0;-10,0;-10,0;-10,0;-10,0;-10,0;-10,0;-10,0;-10,0;-10,0;-10,0;-10,0;-10,0;-10,0;-10,0;-10,0;-10,0;-10,0;-10,0;-10,0;-10,0;-10,0;-10,0;-10,0;-10,0;-10,0;-10,0;-10,0;-10,0;-10,0;-10,0;-10,0;-10,0;-10,0;-10,0;-10,0;-10,0;-10,0;-10,0;-10,0;-10,0;-10,0;-10,0;-10,0;-10,0;-10,0;-10,0;-10,0;-10,0;-10,0;-10,0;-10,0;-10,0;-10,0;-10,0;-10,0;-10,0;-10,0;-10,0;-10,0;-10,0;-10,0;-10,0;-10,0;-10,0;-10,0;-10,0;-10,0;-10,0;-10,0;-10,0;-10,0;-10,0;-10,0;-10,0;-10,0;-10,0;-10,0;-10,0;-10,0;-10,0;-10,0;-10,0;-10,0;-10,0;-10,0;-10,0;-10,0;-10,0;-10,0;-10,0;-10,0;-10,0;-10,0;-10,0;-10,0;-10,0;-10,0;-10,0;-10,0;-10,0;-10,0;-10,0;-10,0;-10,0;-10,0;-10,0;-10,0;-10,0;-10,0;-10,0;-10,0;-10,0;-10,0;-10,0;-10,0;-10,0;-10,0;-10,0;-10,0;-10,0;-10,0;-10,0;-10,0;-10,0;-10,0;-10,0;-10,0;-10,0;-10,0;-10,0;-10,0;-10,0;-10,0;-10,0;-10,0;-10,0;-10,0;-10,0;-10,0;-10,0;-10,0;-10,0;-10,0;-10,0;-10,0;-10,0;-10,0;-10,0;-10,0;-10,0;-10,0;-10,0;-10,0;-10,0;-10,0;-10,0;-10,0;-10,0;-10,0;-10,0;-10,0;-10,0;-10,0;-10,0;-10,0;-10,0;-10,0;-10,0;-10,0;-10,0;-10,0;-10,0;-10,0;-10,0;-10,0;-10,0;-10,0;-10,0;-10,0;-10,0;-10,0;-10,0;-10,0;-10,0;-10,0;-10,0;-10,0;-10,0;-10,0;-10,0;-10,0;-10,0;-10,0;-10,0;-10,0;-10,0;-10,0;-10,0;-10,0;-10,0;-10,0;-10,0;-10,0;-10,0;-10,0;-10,0;-10,0;-10,0;-10,0;-10,0;-10,0;-10,0;-10,0;-10,0;-10,0;-10,0;-10,0;-10,0;-10,0;-10,0;-10,0;-10,0;-10,0;-10,0;-10,0;-10,0;-10,0;-10,0;-10,0;-10,0;-10,0;-10,0;-10,0;-10,0;-10,0;-10,0;-10,0;-10,0;-10,0;-10,0;-10,0;-10,0;-10,0;-10,0;-10,0;-10,0;-10,0;-10,0;-10,0;-10,0;-10,0;-10,0;-10,0;-10,0;-10,0;-10,0;-10,0;-10,0;-10,0;-10,0;-10,0;-10,0;-10,0;-10,0;-10,0;-10,0;-10,0;-10,0;-10,0;-10,0;-10,0;-10,0;-10,0;-10,0;-10,0;-10,0;-10,0;-10,0;-10,0;-10,0;-10,0;-10,0;-10,0;-10,0;-10,0;-10,0;-10,0;-10,0;-10,0;-10,0;-10,0;-10,0;-10,0;-10,0;-10,0;-10,0;-10,0;-10,0;-10,0;-10,0;-10,0;-10,0;-10,0;-10,0;-10,0;-10,0;-10,0;-10,0;-10,0;-10,0;-10,0;-10,0;-10,0;-10,0;-10,0;-10,0;-10,0;-10,0;-10,0;-10,0;-10,0;-10,0;-10,0;-10,0;-10,0;-10,0;-10,0;-10,0;-10,0;-10,0;-10,0;-10,0;-10,0;-10,0;-10,0;-10,0;-10,0;-10,0;-10,0;-10,0;-10,0;-10,0;-10,0;-10,0;-10,0;885,4644;887,02234;887,7264;889,3473;890,987;892,6391;894,3097;

143;377,6427;378,29895;379,0691;379,7815;380,7036;381,95117;382,37146;383,261;383,60706;384,35486;385,1277;385,67395;385,82104;387,0;387,68286;388,50183;388,5525;389,4121;390,03137;390,64734;391,25708;391,86255;392,46143;393,05176;393,63843;394,2257;394,81714;395,40942;396,00635;396,60583;397,20923;397,81738;398,43237;399,05273;399,6764;400,3014;400,91772;401,52844;402,13867;402,74512;403,35583;403,9663;404,57336;405,18652;405,80652;406,42957;407,05566;407,67834;408,29333;408,90942;409,52856;410,15063;410,7771;411,40063;412,0244;412,6488;413,2727;413,9021;414,52588;415,1471;415,77124;416,3988;417,03308;417,6654;418,29956;419,44885;420,08093;420,70764;421,33435;421,96838;422,60815;423,2556;423,91602;424,58972;425,27344;425,9652;426,66467;427,37292;428,09143;428,82324;429,56677;430,32617;432,78992;433,60168;434,4309;435,2793;436,1405;437,01013;437,88623;438,76794;439,65588;440,55066;441,45032;442,3551;443,26575;444,18103;445,09607;446,01294;446,93372;447,86243;448,79468;449,7312;450,66797;451,6078;452,54712;453,4806;454,41052;475,53174;476,65723;477,77942;478,90063;480,0287;481,15796;482,28723;483,41187;484,5326;485,65002;486,76672;487,88013;488,98987;490,09473;491,19067;492,2743;493,3495;494,41968;495,4834;496,53662;497,5835;498,62378;499,6548;500,6792;501,6963;502,70605;503,70923;504,7057;505,69604;518,8556;519,90234;520,94763;521,9884;523,02515;524,05884;525,08496;526,1063;527,12317;528,1293;514,8972;530,13306;516,53455;517,3507;518,16785;518,9945;519,8346;520,66833;521,5032;522,3357;523,15466;523,9707;524,7821;542,3202;526,4075;527,20825;528,0045;528,8114;529,6168;530,41895;531,22437;532,02954;532,82983;533,6294;534,437;535,24316;536,0349;536,8213;537,6094;538,39197;539,1543;539,8961;540,6183;541,33777;542,0503;542,75354;543,44226;544,1194;544,77673;545,4165;546,0325;546,6343;547,23;547,827;548,4243;549,02026;549,61743;599,8684;600,55615;601,24414;601,9258;602,60156;603,2744;603,9436;604,59717;605,2529;605,9031;606,5503;607,1914;607,8457;608,5056;609,1626;609,822;610,4856;611,1426;611,7964;612,4624;613,1304;613,80615;614,4861;615,1543;615,8352;616,53076;617,239;617,95874;618,6775;619,39966;620,1343;620,87476;621,62134;622,3718;623,1304;623,91016;624,7117;625,51294;626,31396;627,1096;627,9016;628,709;629,5427;630,39014;631,2527;632,1155;632,98975;633,8821;634,7742;635,6658;636,553;637,4387;638,3347;639,2356;640,1404;641,0532;641,9646;642,8618;643,7456;644,6223;645,49243;646,34155;647,17725;648,01294;648,85425;649,7053;650,56396;651,4324;652,3125;653,19653;654,0791;654,9619;655,8479;656,73364;657,614;658,4851;659,35425;660,2263;661,1094;662,00073;662,8877;
 ;227,93121;228,7826;229,52948;230,04675;230,86633;231,41315;232,52338;232,89435;233,53888;234,00983;234,52563;235,08978;235,69635;236,34296;236,75989;237,22253;238,09985;238,78003;239,40051;240,01984;240,63495;241,25269;241,87402;242,49658;243,11755;243,7384;244,36273;244,98969;245,61487;246,2417;246,87341;247,50519;248,13702;248,76947;249,40454;250,04034;250,68341;251,33838;251,99469;252,65863;253,3197;253,9718;254,62366;255,27429;255,92346;256,57495;257,22607;257,88074;258,5418;259,2057;259,8695;260,5326;261,19647;261,86035;262,5238;263,1847;263,84125;264,4931;265,14453;265,8034;266,4707;267,14508;267,82288;268,51166;269,20575;271,10754;271,84552;272,5968;273,35486;274,1233;274,90393;275,69543;276,49457;277,30017;278,11066;278,927;279,74738;280,56824;281,393;282,2262;283,07465;283,9378;285,2837;286,1723;287,07532;287,98895;288,91498;289,85626;290,81177;291,78156;292,76685;293,7699;294,79022;295,82617;296,87988;297,94952;299,03625;300,1419;301,2658;302,40497;303,55743;304,7234;305,9024;307,09192;308,29456;309,50916;310,73346;303,10938;304,28094;305,46216;306,65314;307,85138;309,0598;310,276;311,49768;312,72656;313,9607;315,19775;316,43573;317,67456;318,91418;320,15826;321,40625;322,66156;323,9251;325,19318;326,46906;327,75104;329,04126;330,3416;331,6543;332,98016;334,31848;335,67047;337,03357;338,40387;340,2259;341,58716;342,9549;344,33197;345,71393;347,1067;348,49902;349,89557;351,2973;352,7074;387,82446;355,53107;390,904;392,4414;393,98343;395,52777;397,07306;398,6274;400,18332;401,74203;403,31155;404,88568;406,46347;372,56354;409,62463;411,213;412,7989;414,3725;415,94458;417,5202;419,0955;420,67624;422,26678;423,86688;425,4664;427,06485;428,66855;430,27338;431,87558;433,47122;435,0714;436,6751;438,286;439,8962;441,50967;443,12106;444,73593;446,35684;447,98547;449,618;451,25134;452,88562;454,51843;456,14453;457,76648;459,38916;461,01282;426,26022;427,82346;429,39166;430,96085;432,52753;434,0882;435,64304;437,18546;438,7199;440,254;441,78564;443,3123;444,8354;446,34708;447,8591;449,3689;450,87756;452,3839;453,8844;455,3728;456,84668;458,30005;459,73352;461,16235;462,58606;463,9989;465,40405;466,80554;468,21033;469,6172;471,02368;472,42053;473,80994;475,19458;476,58228;477,96875;479,34302;480,719;482,09912;483,47058;484,839;486,19153;487,53625;488,88452;490,22632;491,57446;492,92078;494,2621;495,60034;496,9375;498,27344;499,60474;500,92944;502,24316;503,5481;504,84656;506,13916;507,4309;508,71704;509,99243;511,26025;512,5209;513,77515;515,021;516,25867;517,4905;518,723;519,9614;521,19934;522,43335;523,6675;524,90027;526,13477;527,3771;528,619;529,8578;531,09436;532,327;533,5514;534,7656;535,97754;

144;1122,3359;1121,5497;1120,8441;1119,52;1119,4512;1118,2549;1117,4177;1116,5659;1115,9937;1115,7854;1115,1517;1114,2793;1113,6239;1113,0303;1112,6176;1111,6732;1111,4576;1110,8782;1110,2972;1109,7135;1109,1234;1108,5237;1107,9154;1107,3092;1106,7068;1106,1091;1105,5109;1104,8705;1104,3086;1103,7072;1103,108;1102,512;1101,9148;1101,311;1100,7036;1100,0917;1099,4763;1098,861;1098,2368;1097,6063;1096,9698;1096,3323;1095,6942;1095,055;1094,412;1093,7711;1093,1302;1092,4907;1091,8455;1091,2014;1090,5563;1089,9135;1089,268;1088,613;1087,9509;1087,2878;1086,6196;1085,9451;1085,2596;1084,5647;1083,861;1083,151;1082,438;1081,7212;1080,9988;1080,2649;1079,5182;1078,7604;1077,9962;1077,2255;1076,4502;1074,0138;1073,2217;1067,6875;1066,7996;1065,9043;1064,9949;1064,0721;1063,1392;1062,1995;1061,2493;1060,2871;1059,3104;1058,3202;1057,3192;1056,3074;1055,284;1054,25;1053,2042;1052,1454;1051,0741;1049,9937;1048,9061;1047,8158;1046,7218;1045,6245;1044,5264;1043,4281;1042,3237;1041,2114;1040,091;1038,9655;1037,8309;1036,689;1035,5411;1034,39;1033,2327;1032,0701;1030,9037;1029,7324;1028,5548;1027,3654;1026,1675;1024,964;1023,7545;1022,5403;1021,32294;1020,10364;1018,8814;1017,6607;1016,4412;1015,21826;1013,9916;1012,7606;1011,5214;1024,4346;1023,3308;1022,2223;1021,1097;1019,9931;1018,867;1017,73334;1016,59186;1015,448;1014,3025;1013,1482;1011,98566;1010,8151;1009,6421;1008,47107;1007,29584;1006,1166;1004,9352;1003,7522;1002,56696;1001,38293;1000,1966;999,0079;997,8177;996,63245;995,45026;994,2684;993,07587;991,8824;990,69293;989,50494;988,31134;987,10846;985,89923;984,68915;983,47614;982,2676;981,0609;979,8525;978,6452;977,43695;976,22626;975,01013;973,7956;972,58563;971,38403;970,18805;968,98755;967,7884;966,5951;965,41;964,226;963,04846;929,44727;928,2233;927,0033;925,78235;940,58374;939,37665;938,177;936,99054;935,80774;934,63086;933,4526;932,27875;931,1096;929,954;928,7975;927,6495;926,4988;925,33636;924,1533;922,95483;921,75354;920,5506;919,3347;918,1117;916,8713;915,61566;898,58484;897,3412;896,09796;894,86334;893,6342;892,41876;891,2048;889,9939;888,7975;887,60547;886,42377;885,2507;884,07916;882,9135;881,74725;880,58936;879,43506;878,2824;877,13086;875,96924;874,7992;873,6166;872,41846;871,2066;869,9858;868,74805;867,50464;866,2603;865,01843;863,77124;862,5224;861,27295;860,02386;858,76447;857,4969;856,22107;854,93805;853,6472;852,3428;851,02734;849,71686;848,4157;847,11273;845,80554;844,4922;843,1809;841,8699;840,5573;839,24725;837,93427;836,6209;835,31506;834,0155;832,7205;831,42914;830,13873;828,8466;827,55566;826,2639;824,9717;823,6826;822,39856;821,1256;819,85767;818,5982;817,3356;816,07404;814,81464;813,56464;812,32275;754,0616;753,63574;753,2177;752,80536;752,4002;743,5608;743,3489;743,1345;742,9131;742,6858;742,4592;742,23486;742,01074;741,78784;741,5654;741,34326;741,12305;740,90137;740,6836;740,4751;740,2715;740,07007;739,8679;739,65845;739,4419;739,2212;738,99756;738,77026;738,5415;738,3164;738,09204;737,87036;737,65405;737,4363;737,22;737,0017;736,77856;736,553;736,3279;736,10693;735,88794;735,66895;735,45215;735,22974;735,0034;734,7783;734,5508;734,3174;734,0747;733,8259;733,56274;733,292;733,0132;732,7268;732,4292;732,1179;731,79834;731,47217;731,1421;730,80615;730,46436;730,1189;729,77295;729,42505;729,0725;728,72217;728,376;728,03516;727,6968;727,3606;727,031;726,70605;726,3911;726,08276;725,7776;725,4734;725,1699;724,86426;724,5571;724,2527;723,9487;723,6433;723,3362;723,0293;722,7195;722,405;722,0808;721,7527;721,42896;721,10547;720,7859;720,46704;720,14087;719,8052;719,4595;719,11035;718,7539;718,3987;718,04663;717,6904;710,0298;709,573;709,11206;708,6416;708,1621;707,6821;707,19336;706,6975;706,1948;705,68384;705,1658;704,64307;704,1919;703,63135;703,06494;702,49365;701,92236;701,3501;700,771;700,18335;699,58545;698,98;698,3706;697,75586;697,1421;696,52954;695,91626;695,302;694,6836;694,06177;693,43677;692,80566;692,1687;691,5366;690,9048;690,2605;689,6118;688,9629;688,31494;687,6753;687,03345;686,3887;685,7422;685,09326;684,44507;
 ;227,66394;228,5982;229,432;230,18951;230,86566;232,13391;233,00366;233,67133;234,52942;235,20258;236,10986;236,7633;237,49219;237,9884;238,6518;239,13068;239,86688;240,46191;241,04968;241,63287;242,21301;242,79175;243,36993;243,95099;244,53198;245,11005;245,68585;246,27478;246,8363;247,4115;247,98712;248,56628;249,15222;249,73792;250,33032;250,93262;251,53894;252,14545;252,75513;253,36823;253,98529;254,61023;255,23944;255,86761;256,49255;257,114;257,72778;258,33386;258,94086;259,54663;260,14948;260,75073;261,3473;261,94116;262,5368;263,13306;263,72827;264,31976;264,9134;265,51025;266,11377;266,7204;267,33276;267,9569;268,59674;269,2448;269,9038;270,5681;271,23846;271,90735;272,58112;274,83765;275,54767;276,8305;277,56433;278,31;279,06427;279,828;280,59894;281,38324;282,18408;283,00018;283,82825;284,66803;285,5194;286,38867;287,273;288,1737;289,09137;290,02386;290,9698;291,9259;292,89197;293,86804;294,85828;295,85962;296,8681;297,88257;298,89862;299,91614;300,93738;301,96924;303,0086;304,05902;305,12048;306,19275;307,27173;308,3556;309,44464;310,53827;311,63446;312,73267;313,83545;314,94232;316,05176;317,1645;318,28247;319,40833;320,5415;321,67413;322,80756;323,94208;325,0739;326,20557;327,34113;363,1131;364,4442;365,7732;367,09875;368,4256;369,74945;371,0725;372,39417;373,71655;375,04315;376,364;377,6772;378,98016;380,27826;381,57727;382,87213;384,16376;385,45117;386,73016;388,00684;389,28314;390,55872;391,8418;393,1345;394,43628;395,7394;397,04086;398,32858;399,60788;400,88208;402,15375;403,42584;404,69513;405,96106;407,2262;408,4879;409,75128;411,00082;412,23203;413,4508;414,65988;415,86575;417,06824;418,27124;419,47476;420,68472;421,8991;423,11407;424,32516;425,53888;426,75146;427,96527;429,1919;410,06863;411,20294;412,34598;413,49088;431,0158;432,17984;433,34946;434,5209;435,69385;436,86655;438,04553;439,22086;440,39377;441,55792;442,70444;443,83853;444,9523;446,05576;447,15414;448,253;449,34778;450,43787;451,51392;452,57996;453,63782;454,68567;439,9781;441,07254;442,1621;443,25104;444,34015;445,4368;446,5388;447,6503;448,766;449,88336;450,99854;452,11182;453,2268;454,33887;455,44434;456,55713;457,67273;458,79346;459,92017;461,0503;462,1819;463,31152;464,44543;465,58215;466,72742;467,86816;469,00244;470,13293;471,26038;472,3838;473,50793;474,6322;475,7445;476,84387;477,927;478,99915;480,0619;481,1184;482,16553;483,20312;484,23157;485,2577;486,2732;487,28552;488,28784;489,2865;490,2787;491,27478;492,2716;493,2694;494,26123;495,25342;496,24805;497,24976;498,26038;499,2743;500,2904;501,30652;502,3224;503,33508;504,3473;505,3606;506,37915;507,39587;508,41418;509,4314;510,44592;511,46423;512,48706;513,51074;523,2809;524,37463;525,4697;526,56067;527,6499;510,8507;511,97986;513,1111;514,24243;515,376;516,5127;517,6499;518,7838;519,92114;521,0642;522,21216;523,3633;524,5126;525,6616;526,8097;527,9603;529,11743;530,2793;531,44934;532,63;533,824;535,0293;536,2429;537,46387;538,68933;539,9199;541,16187;542,4132;543,6704;544,93884;546,21277;547,49023;548,7742;550,0676;551,3673;552,6675;553,968;555,2698;556,5708;557,87036;559,16943;560,4746;561,78076;563,0912;564,4026;565,7158;567,0249;568,3312;569,641;570,9557;572,2743;573,59595;574,91406;576,2302;577,54517;578,86523;580,1935;581,5248;582,8573;584,19116;585,52576;586,8678;588,2228;589,59436;590,97156;592,3551;593,7444;595,1389;596,537;597,9386;599,34216;600,7499;602,1516;603,5532;604,9568;606,3701;607,78564;609,2053;610,62524;612,0482;613,4751;614,9053;616,3375;617,7792;619,22473;620,6798;622,1372;623,59314;625,0469;626,4984;627,94836;629,3981;630,8478;632,2992;633,7499;642,3766;643,8191;645,266;646,71216;648,157;649,6012;651,042;652,4824;653,9271;655,37964;656,83875;658,3091;663,01904;664,4607;665,90283;667,3446;668,78455;670,2272;671,6698;673,1112;674,5532;675,99805;677,4464;678,89734;680,3556;681,81714;683,28174;684,7556;686,2333;687,713;689,1937;690,6759;692,1553;693,63586;695,1156;696,594;698,0751;699,5613;701,0469;702,53784;704,03064;705,522;707,01355;708,5105;710,01526;

245;1107,7563;
 ;245,28595;

246;-10,0;-10,0;-10,0;-10,0;-10,0;-10,0;-10,0;-10,0;-10,0;-10,0;-10,0;-10,0;-10,0;-10,0;-10,0;-10,0;-10,0;-10,0;-10,0;-10,0;-10,0;-10,0;-10,0;-10,0;-10,0;-10,0;-10,0;-10,0;-10,0;-10,0;-10,0;-10,0;-10,0;-10,0;-10,0;-10,0;-10,0;-10,0;-10,0;-10,0;-10,0;-10,0;-10,0;-10,0;-10,0;-10,0;1185,4789;1186,7816;1188,0964;1189,4232;1190,7615;1192,1108;1193,4711;1194,8418;1196,2227;1197,6134;1199,0135;1200,423;1201,8414;1203,2684;1204,7039;1206,1476;1207,599;1209,0582;1210,525;1211,999;1213,4802;1214,9683;1216,4633;1217,9647;1219,4728;1220,9873;1222,508;1224,031;1225,5308;1227,011;1228,4746;1229,9237;1231,3599;1232,7838;1234,1959;1235,5961;1236,9841;1238,36;1239,7235;1241,0743;1242,4403;1243,8254;1245,2302;1246,6548;1248,0994;1249,564;1251,0482;1252,552;1254,0747;1255,6155;1257,1736;1258,7479;1260,3309;1261,9231;1263,5243;1265,1073;1266,6738;1268,2241;1269,7584;1271,276;1272,8036;1274,3402;1275,895;1277,4683;1279,0602;1280,6707;1282,2875;1283,9097;1285,5364;1287,1666;1288,7993;1290,4321;1292,0621;1293,6848;1295,2958;1296,8942;1298,4786;1300,048;1301,6011;1303,1577;1304,7213;1306,2926;1307,8699;1309,4554;1311,0477;1312,6488;1314,2565;1315,871;1317,4922;1319,1205;1320,7572;1322,4006;1324,0508;1325,7075;1327,3707;1329,0416;1330,7201;1332,4054;1334,0967;1335,793;1337,4873;1339,1854;1340,88;1342,5687;1344,2507;1345,9332;1347,6136;1349,2896;1350,9583;1352,6176;1354,2562;1355,8734;1357,4685;1359,0408;1360,589;1362,1012;1363,5966;1365,0729;1366,5189;1367,9344;1369,3191;1370,672;1371,9924;1373,2794;1374,5272;1375,7546;1376,9517;1378,1171;1379,2363;1380,3123;1381,3525;1382,3684;1383,3357;1384,2766;1385,1932;1386,0779;1386,9354;1387,7628;1388,5656;1389,3416;1390,1189;1390,9148;1391,7323;1392,5688;1393,399;1394,2225;1395,0397;1395,8502;1396,6547;1397,4498;1398,239;1399,0194;1399,7944;1400,5616;1401,3247;1402,1185;1402,9341;1403,7717;1404,6316;1405,5144;1406,4205;1407,3506;1408,3047;1409,2838;1410,288;1411,3179;1412,3737;1413,4557;1414,5643;1415,6796;1416,8011;1417,9286;1419,0616;1420,2003;1421,362;1422,5475;1423,757;1424,9908;1426,2495;1427,5028;1428,7494;1429,9875;1431,2162;1432,4205;1433,5913;1434,7285;1435,8363;1436,9128;1437,9905;1439,0697;1440,1516;1441,2378;1442,3292;1443,4252;1444,527;1445,6324;1446,7487;1447,8588;1448,9769;1450,1016;1451,2332;1452,3718;1453,5173;1454,6698;1455,8292;1456,9934;1458,162;1459,3049;1460,4241;1461,5638;1462,7253;1463,8805;1465,0565;1466,2139;1467,3988;1468,5659;1469,7415;1470,8746;1471,9933;1473,0973;1474,2202;1475,3276;1476,4498;1477,5555;1478,6838;1479,7953;1480,931;1482,093;1483,2476;1484,3954;1485,5347;1486,6647;1487,785;1488,9324;1490,109;1491,3154;1492,508;1493,69;1494,8607;1496,0199;1494,4253;1495,6154;1496,8196;1494,9448;1496,1307;1497,286;1498,4113;1499,5072;0,5743408;1,6132812;2,6245117;3,6087646;4,566284;2,4971924;3,4718018;4,4298096;5,368408;6,2857666;7,1799316;8,049194;8,892456;9,709106;10,501831;11,271851;12,019653;12,745361;13,44873;14,129395;14,786499;15,419434;16,027222;16,641968;17,255005;17,869507;18,487549;19,099976;19,70691;20,30835;20,903809;21,493042;22,07544;22,650879;23,218628;23,778442;24,329834;24,872559;25,406128;25,930298;26,444824;26,949463;27,44397;27,9281;28,401733;28,864624;29,316772;29,757935;30,18811;30,607056;31,014648;31,410889;31,795776;32,168945;32,53064;32,880615;33,224243;33,561523;33,892334;34,21118;34,517822;34,81189;35,093384;35,361816;35,61682;35,85791;36,084717;36,29651;36,499023;36,678467;36,839844;36,983154;37,103027;37,199463;37,271484;37,316895;37,32849;37,296387;37,221313;37,107544;36,95691;36,77014;36,547363;36,288208;35,992065;35,658813;35,288696;34,882202;34,44043;33,9646;33,420044;32,835205;32,20862;31,53833;30,814941;30,0448;29,218628;28,335327;
 ;-10,0;-10,0;-10,0;-10,0;-10,0;-10,0;-10,0;-10,0;-10,0;-10,0;-10,0;-10,0;-10,0;-10,0;-10,0;-10,0;-10,0;-10,0;-10,0;-10,0;-10,0;-10,0;-10,0;-10,0;-10,0;-10,0;-10,0;-10,0;-10,0;-10,0;-10,0;-10,0;-10,0;-10,0;-10,0;-10,0;-10,0;-10,0;-10,0;-10,0;-10,0;-10,0;-10,0;-10,0;-10,0;-10,0;263,93848;264,5301;265,12366;265,71863;266,31476;266,91162;267,50897;268,1065;268,70398;269,30115;269,89795;270,4942;271,08984;271,68475;272,27887;272,8722;273,46472;274,05634;274,64722;275,2373;275,8266;276,41528;277,00336;277,59094;278,1781;278,7649;279,35156;279,9084;280,44885;280,97424;281,48553;281,9837;282,46893;282,94147;283,40125;283,84802;284,28174;284,70233;285,1095;285,50323;285,87085;286,24048;286,6123;286,98645;287,36285;287,7417;288,12286;288,5064;288,8922;289,28052;289,67126;290,06458;290,43127;290,77124;291,08435;291,38403;291,66888;291,93793;292,19073;292,4273;292,63293;292,80627;292,97455;293,13818;293,29785;293,4546;293,58215;293,6798;293,74652;293,78107;293,78174;293,7464;293,67218;293,55725;293,40424;293,21307;292,9837;292,7162;292,41058;292,08844;291,76648;291,4449;291,12463;290,80518;290,48712;290,1703;289,85492;289,54083;289,2281;288,91656;288,60748;288,29938;287,99225;287,68597;287,38055;287,1089;286,86957;286,6609;286,48132;286,3296;286,23425;286,21692;286,2793;286,42163;286,64355;286,91394;287,2334;287,60236;288,02106;288,48962;289,0374;289,66376;290,36737;291,14612;291,9972;292,86798;293,75293;294,65356;295,62915;296,6792;297,8028;298,9986;300,26465;301,59674;302,9848;304,36737;305,75818;307,15576;308,6175;310,1421;311,726;313,3192;314,95447;316,5949;318,25763;319,92413;321,6112;323,2954;324,98962;326,67706;328,34583;329,9926;331,61554;333,21533;334,80817;336,39496;337,97656;339,5539;341,12817;342,70178;344,27454;345,84906;347,42505;349,00507;350,58862;352,15356;353,70374;355,2384;356,7567;358,25793;359,7411;361,20538;362,64984;364,0736;365,47577;366,85522;368,21106;369,54205;370,84723;372,1504;373,45282;374,75555;376,0597;377,36603;378,6482;379,9051;381,1353;382,33752;383,51038;384,6659;385,80286;386,9203;388,01746;389,12454;390,25116;391,39688;392,55707;393,73303;394,91638;396,10678;397,30405;398,50717;399,7161;400,93173;402,15323;403,38293;404,6148;405,8511;407,09183;408,33856;409,59106;410,84924;412,1128;413,3816;414,6553;415,93097;417,20837;418,48883;419,76776;421,06955;422,38638;423,70026;425,01306;426,33267;427,64594;428,966;430,29645;431,62347;432,9507;434,28558;435,6259;436,9732;438,3289;439,69107;441,05576;442,42618;443,76093;445,06317;446,39066;447,7368;449,09805;450,4735;451,8629;453,219;454,54346;455,84106;457,16187;458,5006;459,85376;461,21973;462,55725;463,8208;465,02173;466,16492;467,25598;468,28723;469,26074;470,17822;471,04126;471,8518;472,61133;473,32153;473,98413;474,62744;475,27795;475,93713;476,6062;477,29443;478,00256;478,73047;479,47827;480,24573;481,00244;481,7478;482,48096;483,20068;483,906;484,5957;485,2693;485,9259;486,5653;487,2256;487,91125;488,6222;489,3584;490,0918;490,8219;491,5487;492,27197;492,99133;493,70667;494,41772;495,12402;495,82556;496,52185;497,21265;497,8977;498,57678;499,2494;499,9154;500,57446;501,22632;501,87073;502,5072;503,13574;503,75586;504,36743;504,9701;505,5636;506,1477;506,72217;507,28662;507,84106;508,385;508,94775;509,52893;510,12817;510,7157;511,29138;511,85522;512,4072;512,9474;513,4757;513,99243;514,4977;514,99194;515,4957;516,015;516,57874;517,18665;517,83887;518,5348;519,27356;520,0526;520,8645;521,6854;522,489;523,26624;524,0138;524,73047;525,41565;526,0691;526,6909;527,2815;527,8417;528,37256;528,87537;529,35144;529,8131;530,26526;530,7085;531,1427;531,56494;531,9779;532,3788;532,7676;

247;-10,0;-10,0;-10,0;-10,0;-10,0;-10,0;-10,0;-10,0;-10,0;-10,0;-10,0;-10,0;-10,0;-10,0;-10,0;-10,0;-10,0;-10,0;-10,0;-10,0;-10,0;-10,0;-10,0;-10,0;-10,0;-10,0;-10,0;-10,0;-10,0;-10,0;-10,0;-10,0;-10,0;-10,0;-10,0;-10,0;-10,0;-10,0;-10,0;-10,0;-10,0;-10,0;-10,0;-10,0;-10,0;-10,0;-10,0;-10,0;-10,0;-10,0;-10,0;-10,0;-10,0;-10,0;-10,0;-10,0;-10,0;-10,0;-10,0;-10,0;-10,0;-10,0;-10,0;-10,0;-10,0;-10,0;-10,0;-10,0;-10,0;-10,0;-10,0;-10,0;-10,0;-10,0;-10,0;-10,0;-10,0;-10,0;-10,0;-10,0;305,71277;304,94214;304,15015;303,33777;302,50488;301,6549;300,78735;299,90344;299,0056;298,0974;297,18213;296,2683;295,36792;294,48303;293,615;292,7633;291,92468;291,0985;290,2843;289,47705;288,68274;287,91638;287,17346;286,45142;285,7649;285,10828;284,4829;283,88574;283,30884;282,7621;282,2262;281,7207;281,2162;280,7312;280,24536;279,78467;279,31604;278,8695;278,41174;277,96155;277,49817;277,06702;276,63916;276,20972;275,78113;275,34863;274,9165;274,4817;274,04846;273,61426;273,1836;272,75317;272,32434;271,90576;271,50134;271,09912;270,7124;270,33716;269,9745;269,62524;269,29358;268,98193;268,69995;268,4475;268,21082;267,98975;267,77307;267,5702;267,38452;267,20667;267,0276;266,84912;266,67053;266,4923;266,31555;266,13843;265,96167;265,78162;265,60242;265,4331;265,26343;265,10034;264,9442;264,79468;264,63123;264,4579;264,27222;264,08984;263,91187;263,73853;263,56262;263,38452;263,21216;263,04968;262,88086;262,70544;262,54224;262,39;262,2412;262,11194;261,99683;261,88452;261,7594;261,63074;261,49866;261,38293;261,2942;261,22742;261,18335;261,1609;261,1665;261,20044;261,26184;261,35437;261,479;261,62012;261,77722;261,9347;262,09692;262,26672;262,44324;262,63196;262,85352;263,1089;263,39807;263,72412;264,07886;264,45093;264,82263;265,2179;265,61853;266,03284;266,45618;266,8839;267,30945;267,74512;268,18958;268,63672;269,08728;269,54272;270,00305;270,4679;270,93726;271,40576;271,86255;272,3069;272,72705;273,12793;273,5238;273,91626;274,30518;274,69238;275,0675;275,42114;275,74792;276,05542;276,35486;276,64453;276,9348;277,21008;277,49146;277,74597;277,98315;278,19226;278,3777;278,5354;278,66565;278,77063;278,849;278,9115;278,95776;279,01318;279,07764;279,13232;279,17566;279,21643;279,24353;279,266;279,27576;279,27856;279,27625;279,2705;279,271;279,27783;279,2854;279,2932;279,3009;279,29858;279,29565;279,29602;279,2931;279,2953;279,31714;279,3468;279,38428;279,42957;279,48328;279,5537;279,64185;279,76868;279,94446;280,15552;280,3871;280,63232;280,88574;281,14587;281,3949;281,64856;281,90784;282,17224;282,43286;282,69922;282,98718;283,29358;283,6211;283,96936;284,32227;284,66785;285,00085;285,32446;285,62976;285,90576;286,1698;286,44788;286,7412;287,04846;287,3683;287,70154;288,04993;288,4037;288,73474;289,04407;289,3297;289,58423;289,81042;290,00793;290,187;290,35437;290,50818;290,6471;290,776;290,89624;290,99878;291,10278;291,2079;291,31958;291,4392;291,56238;291,68677;291,823;291,9713;292,14;292,3291;292,53455;292,75647;292,98865;293,22876;293,49707;293,7693;294,07336;294,39197;294,73254;295,08447;295,43408;295,77905;296,125;296,45422;296,77124;297,0774;297,37427;297,64612;297,8916;298,1067;298,31238;298,50916;298,69104;298,8302;298,92358;299,0011;299,06323;299,11804;299,15198;299,15747;299,1571;299,125;299,10706;299,08838;299,09155;299,11536;299,14514;299,1787;299,23743;299,30298;299,38562;299,48132;299,56787;299,65552;299,74292;299,84937;299,96912;300,10938;300,2422;300,37207;300,47864;300,56262;300,62415;300,6759;300,713;300,7323;300,73975;300,76758;300,80103;
 ;-10,0;-10,0;-10,0;-10,0;-10,0;-10,0;-10,0;-10,0;-10,0;-10,0;-10,0;-10,0;-10,0;-10,0;-10,0;-10,0;-10,0;-10,0;-10,0;-10,0;-10,0;-10,0;-10,0;-10,0;-10,0;-10,0;-10,0;-10,0;-10,0;-10,0;-10,0;-10,0;-10,0;-10,0;-10,0;-10,0;-10,0;-10,0;-10,0;-10,0;-10,0;-10,0;-10,0;-10,0;-10,0;-10,0;-10,0;-10,0;-10,0;-10,0;-10,0;-10,0;-10,0;-10,0;-10,0;-10,0;-10,0;-10,0;-10,0;-10,0;-10,0;-10,0;-10,0;-10,0;-10,0;-10,0;-10,0;-10,0;-10,0;-10,0;-10,0;-10,0;-10,0;-10,0;-10,0;-10,0;-10,0;-10,0;-10,0;-10,0;371,06885;372,70386;374,33563;375,963;377,58472;379,2032;380,81732;382,4265;384,02826;385,63306;387,2445;388,86545;390,50098;392,1511;393,8151;395,49234;397,17984;398,87482;400,57608;402,28186;403,99405;405,71146;407,43768;409,16827;410,9096;412,65378;414,3982;416,13745;417,87756;419,61276;421,34723;423,07645;424,81415;426,55603;428,30023;430,0429;431,78665;433,5271;435,26352;436,98325;438,69788;440,4084;442,11664;443,82022;445,52148;447,2192;448,916;450,61023;452,29395;453,96802;455,63452;457,29224;458,94202;460,58618;462,2273;463,85535;465,47083;467,06848;468,66748;470,26672;471,87134;473,48718;475,1057;476,7262;478,34937;479,97437;481,6012;483,23828;484,87488;486,51062;488,14917;489,7882;491,42834;493,0681;494,70837;496,3463;497,98193;499,61523;501,24;502,85376;504,44556;506,0149;507,56177;509,08057;510,5946;512,0951;513,5934;515,08704;516,57715;518,0654;519,5542;521,04285;522,5364;524,02795;525,51465;526,9983;528,468;529,9253;531,3739;532,8197;534,26807;535,71985;537,1942;538,6946;540,2201;541,77344;543,33325;544,8911;546,448;548,01184;549,5962;551,20166;552,8285;554,4833;556,1648;557,8749;559,59033;561,3125;563,03394;564,7522;566,47144;568,1841;569,8948;571,60095;573,2938;574,98596;576,6842;578,39185;580,11;581,8142;583,51306;585,20776;586,8965;588,5851;590,2744;591,96875;593,6653;595,3745;597,093;598,82324;600,56177;602,30884;604,0586;605,80774;607,5615;609,32043;611,0835;612,84595;614,6124;616,38416;618,1593;619,9342;621,7079;623,47864;625,24585;627,00073;628,7363;630,45764;632,16235;633,84827;635,5238;637,19824;638,871;640,5415;642,1992;643,85364;645,5032;647,1433;648,7742;650,4021;652,02673;653,6577;655,29736;656,9509;658,62036;660,2969;661,96265;663,61523;665,2488;666,85876;668,4452;670,0078;671,5397;673,0416;674,52;675,975;677,4064;678,8362;680,26746;681,70886;683,1737;684,6531;686,15027;687,66797;689,2068;690,7643;692,34595;693,944;695,5681;697,2178;698,88477;700,5526;702,2329;703,9309;705,64624;707,365;709,0834;710,79834;712,51086;714,2219;715,9374;717,6658;719,40027;721,1378;722,8705;724,59875;726,318;728,0304;729,73254;731,4253;733,1133;734,8137;736,5216;738,2329;739,953;741,68335;743,4241;745,1741;746,9286;748,683;750,44495;752,21326;753,98645;755,75037;757,51013;759,265;761,0117;762,76416;764,5228;766,2877;768,0508;769,81213;771,5648;773,3192;775,07556;776,843;778,621;780,4158;782,2265;784,0439;785,86505;787,6948;789,531;791,3613;793,19165;795,02246;796,8605;798,6949;800,52924;802,3495;804,15875;805,95667;807,751;809,5394;811,322;813,1142;814,91187;816,7022;818,48706;820,2676;822,0582;823,855;825,64746;827,43;829,1962;830,9557;832,7264;834,5042;836,2771;838,0473;839,8187;841,5963;843,3786;845,1586;846,9447;848,72455;850,5141;852,3043;854,09796;855,89935;857,69556;859,48157;861,26135;863,0349;864,8055;866,57996;868,3614;870,14746;871,9377;873,7311;875,5314;877,3467;879,17004;880,98206;882,78577;883,67334;885,4773;887,2749;889,06335;889,8198;891,5637;893,286;

248;-10,0;-10,0;-10,0;-10,0;-10,0;-10,0;-10,0;-10,0;-10,0;-10,0;-10,0;-10,0;-10,0;-10,0;-10,0;-10,0;-10,0;-10,0;-10,0;-10,0;-10,0;-10,0;-10,0;-10,0;-10,0;-10,0;-10,0;-10,0;-10,0;-10,0;-10,0;-10,0;-10,0;-10,0;-10,0;-10,0;-10,0;-10,0;-10,0;-10,0;-10,0;-10,0;-10,0;-10,0;-10,0;-10,0;-10,0;-10,0;-10,0;-10,0;-10,0;-10,0;-10,0;-10,0;-10,0;-10,0;-10,0;-10,0;-10,0;-10,0;-10,0;-10,0;-10,0;-10,0;-10,0;-10,0;-10,0;-10,0;-10,0;-10,0;-10,0;-10,0;-10,0;-10,0;-10,0;-10,0;-10,0;-10,0;-10,0;-10,0;-10,0;-10,0;-10,0;-10,0;-10,0;-10,0;-10,0;-10,0;-10,0;-10,0;-10,0;-10,0;-10,0;-10,0;-10,0;-10,0;-10,0;-10,0;959,6553;957,9391;956,22235;954,504;952,78296;951,05865;963,326;947,607;959,8336;958,0913;956,3447;954,59503;952,84796;951,10156;949,3547;947,606;945,85736;944,1081;942,35986;940,6129;938,8783;937,1566;935,4401;933,7303;932,02856;930,31433;928,5894;926,8591;925,1212;923,3738;921,61804;919,8674;918,13513;916,4257;914,70917;912,99243;911,2711;909,55884;907,8537;906,1486;904,43854;902,72485;901,00494;899,2783;897,5484;895,8101;894,05273;892,28455;890,50464;888,7193;886,9267;885,13324;883,3359;881,5357;879,7339;877,9282;876,11707;874,3003;872,4788;870,6634;868,8523;867,0439;865,24713;863,4599;861,6831;859,9136;858,15875;856,4142;854,6753;852,94604;851,21576;849,494;847,7812;846,0526;844,30975;842,5689;840,8248;839,0885;837,35236;835,6155;833,86847;832,1069;830,3329;828,5742;826,8307;825,1091;823,39453;821,67194;819,94275;818,20953;816,4723;814,75055;813,03375;811,33136;809,64435;807,97034;806,3242;804,68555;803,0535;801,4288;799,79846;798,1638;796,5271;794,887;793,24365;791,59894;789,965;788,3461;786,742;785,1523;783,579;782,02185;780,48883;778,9781;777,48615;776,00354;774,5329;773,0581;771,57916;770,0891;768,5875;767,0742;765,549;764,0117;763,90967;762,42804;760,93787;759,4423;757,9405;756,42236;754,8855;753,3346;751,7718;750,1955;748,6089;744,7046;743,0393;741,3711;739,70166;738,032;736,35986;734,6848;733,00684;731,32837;729,65234;727,978;726,3054;724,63135;722,949;721,2661;719,5935;717,9287;716,2717;714,6304;712,9966;711,3711;709,7329;708,09814;710,708;704,8347;707,68286;706,1709;704,6553;703,1367;701,60986;700,07764;698,52686;696,97485;695,43164;693,8894;692,3469;690,8054;689,2683;687,7456;686,23145;684,7175;683,2007;681,67676;680,1411;678,6052;677,06396;675,51904;673,97046;672,4304;670,89404;669,3662;667,83545;666,2964;664,7471;663,19116;661,6233;660,0442;658,4641;656,8772;655,2827;653,67896;652,07104;650,45825;648,8401;647,2258;645,61694;644,02295;642,447;640,8845;639,33594;637,7949;636,26025;634,7456;633,25464;631,7803;630,31665;628,8618;627,41284;625,9717;624,5371;623,114;621,6946;620,2749;618,86694;617,46924;616,07007;614,6704;613,25854;611,83325;610,39404;608,9546;607,51465;606,0747;604,6184;603,14844;601,67505;600,19995;598,72485;597,23706;595,749;594,27124;592,78955;591,2876;589,7988;588,33374;586,8987;585,4824;584,0691;582,6609;581,2554;579,8445;578,43164;577,0222;575,6211;574,2283;572,8452;571,4634;570,08276;568,69556;567,2964;565,8828;564,45483;563,02075;561,57983;560,1328;558,6975;557,26855;555,8508;554,44507;553,04663;551,6489;550,24097;548,8335;547,4276;546,03503;544,6437;543,2422;541,84314;540,45386;539,0808;537,72705;536,37585;535,0399;533,71106;532,39624;531,0924;529,79944;528,5128;527,234;525,9651;524,70874;523,47;522,24963;521,04333;519,85266;518,67236;517,5061;516,34717;515,1929;
 ;-10,0;-10,0;-10,0;-10,0;-10,0;-10,0;-10,0;-10,0;-10,0;-10,0;-10,0;-10,0;-10,0;-10,0;-10,0;-10,0;-10,0;-10,0;-10,0;-10,0;-10,0;-10,0;-10,0;-10,0;-10,0;-10,0;-10,0;-10,0;-10,0;-10,0;-10,0;-10,0;-10,0;-10,0;-10,0;-10,0;-10,0;-10,0;-10,0;-10,0;-10,0;-10,0;-10,0;-10,0;-10,0;-10,0;-10,0;-10,0;-10,0;-10,0;-10,0;-10,0;-10,0;-10,0;-10,0;-10,0;-10,0;-10,0;-10,0;-10,0;-10,0;-10,0;-10,0;-10,0;-10,0;-10,0;-10,0;-10,0;-10,0;-10,0;-10,0;-10,0;-10,0;-10,0;-10,0;-10,0;-10,0;-10,0;-10,0;-10,0;-10,0;-10,0;-10,0;-10,0;-10,0;-10,0;-10,0;-10,0;-10,0;-10,0;-10,0;-10,0;-10,0;-10,0;-10,0;-10,0;-10,0;-10,0;182,72589;182,60675;182,49054;182,3725;182,25244;182,12976;214,00275;181,87103;214,29547;214,43073;214,56091;214,68732;214,83978;215,01355;215,21088;215,4278;215,6394;215,8551;216,07806;216,30493;216,53308;216,76099;216,99133;217,22095;217,45288;217,67389;217,9143;218,17535;218,45917;218,76447;219,07703;219,39136;219,68115;219,94128;220,19354;220,43872;220,68878;220,94012;221,21521;221,49976;221,78052;222,05505;222,30127;222,52081;222,74292;222,9967;223,2716;223,53027;223,78326;224,02435;224,24927;224,445;224,63623;224,82336;225,018;225,19714;225,36127;225,50793;225,63574;225,74957;225,87488;226,01508;226,13788;226,24237;226,3396;226,45374;226,56268;226,6897;226,8161;226,94281;227,09009;227,2373;227,40881;227,58649;227,76703;227,95673;228,16315;228,39532;228,63916;228,89404;229,18768;229,5055;229,8117;230,13165;230,4643;230,80768;231,15881;231,50903;231,85217;232,18738;232,51843;232,82281;233,09778;233,36389;233,61932;233,86584;234,12103;234,40308;234,71838;235,06458;235,43634;235,8338;236,24542;236,67303;237,11456;237,56891;238,0434;238,52802;239,02203;239,52411;240,03522;240,55579;241,10321;241,67822;242,29291;242,94763;243,63776;244,34546;245,06989;245,79846;246,53094;247,2669;248,00592;248,74774;227,84308;228,65967;229,48792;230,31818;231,15936;231,9878;232,8133;233,63086;234,43256;235,22852;236,0102;257,6595;258,38416;259,0899;259,77716;260,44507;261,1029;261,75092;262,38904;263,00488;263,5993;264,17224;264,72382;265,26575;265,82007;266,37885;266,94556;267,50403;268,02454;268,5144;268,96112;269,39984;269,8031;270,17615;252,11383;270,8258;253,06635;253,53168;254,0028;254,47913;254,95837;255,43707;255,90442;256,3545;256,80908;257,27222;257,7473;258,22784;258,73352;259,23492;259,73828;260,2414;260,74463;261,23578;261,71814;262,20416;262,6953;263,19214;263,69775;264,19348;264,6867;265,17743;265,66418;266,1466;266,6316;267,11963;267,61133;268,10657;268,6126;269,12854;269,65393;270,20477;270,78674;271,39075;272,01447;272,65857;273,32092;274,0047;274,70068;275,41418;276,14362;276,8758;277,62445;278,3806;279,14746;279,92468;280,71698;281,51227;282,3131;283,11945;283,9287;284,74847;285,58502;286,4159;287,23975;288,05542;288,8747;289,70142;290,52692;291,35028;292,1714;292,99683;293,82733;294,664;295,49872;296,3451;297,20776;298,0885;298,98816;299,9005;300,8294;301,78076;302,73737;303,68628;304,63678;305,60205;306,56665;307,52094;308,46112;309,38513;310,3023;311,21216;312,12146;313,04816;313,98895;314,9441;315,9137;316,88348;317,85382;318,80823;319,739;320,6454;321,53204;322,4272;323,331;324,24323;325,161;326,07678;326,97943;327,88684;328,79425;329,71973;330,6396;331,5705;332,49835;333,43164;334,35968;335,2901;336,2298;337,17767;338,133;339,11243;340,0926;341,10583;342,11298;343,14563;344,17706;345,2171;346,25488;347,31305;348,39124;349,49274;350,6031;351,71588;352,8443;353,9834;355,12854;356,28815;357,46057;358,636;

249;-10,0;-10,0;-10,0;-10,0;-10,0;-10,0;-10,0;-10,0;-10,0;-10,0;-10,0;-10,0;-10,0;-10,0;-10,0;-10,0;-10,0;-10,0;-10,0;-10,0;-10,0;-10,0;-10,0;-10,0;-10,0;-10,0;-10,0;-10,0;-10,0;-10,0;-10,0;-10,0;-10,0;-10,0;-10,0;-10,0;-10,0;-10,0;-10,0;-10,0;-10,0;-10,0;-10,0;-10,0;-10,0;-10,0;-10,0;-10,0;-10,0;-10,0;-10,0;-10,0;-10,0;-10,0;-10,0;-10,0;-10,0;-10,0;-10,0;-10,0;-10,0;-10,0;-10,0;-10,0;-10,0;-10,0;-10,0;-10,0;-10,0;-10,0;-10,0;-10,0;-10,0;-10,0;-10,0;-10,0;-10,0;-10,0;-10,0;-10,0;-10,0;-10,0;-10,0;-10,0;-10,0;-10,0;-10,0;-10,0;-10,0;-10,0;-10,0;-10,0;-10,0;-10,0;-10,0;-10,0;-10,0;-10,0;-10,0;-10,0;-10,0;-10,0;-10,0;-10,0;933,2735;
 ;-10,0;-10,0;-10,0;-10,0;-10,0;-10,0;-10,0;-10,0;-10,0;-10,0;-10,0;-10,0;-10,0;-10,0;-10,0;-10,0;-10,0;-10,0;-10,0;-10,0;-10,0;-10,0;-10,0;-10,0;-10,0;-10,0;-10,0;-10,0;-10,0;-10,0;-10,0;-10,0;-10,0;-10,0;-10,0;-10,0;-10,0;-10,0;-10,0;-10,0;-10,0;-10,0;-10,0;-10,0;-10,0;-10,0;-10,0;-10,0;-10,0;-10,0;-10,0;-10,0;-10,0;-10,0;-10,0;-10,0;-10,0;-10,0;-10,0;-10,0;-10,0;-10,0;-10,0;-10,0;-10,0;-10,0;-10,0;-10,0;-10,0;-10,0;-10,0;-10,0;-10,0;-10,0;-10,0;-10,0;-10,0;-10,0;-10,0;-10,0;-10,0;-10,0;-10,0;-10,0;-10,0;-10,0;-10,0;-10,0;-10,0;-10,0;-10,0;-10,0;-10,0;-10,0;-10,0;-10,0;-10,0;-10,0;-10,0;-10,0;-10,0;-10,0;-10,0;-10,0;145,46051;

250;-10,0;-10,0;-10,0;-10,0;-10,0;-10,0;-10,0;-10,0;-10,0;-10,0;-10,0;-10,0;-10,0;-10,0;-10,0;-10,0;-10,0;-10,0;-10,0;-10,0;-10,0;-10,0;-10,0;-10,0;-10,0;-10,0;-10,0;-10,0;-10,0;-10,0;-10,0;-10,0;-10,0;-10,0;-10,0;-10,0;-10,0;-10,0;-10,0;-10,0;-10,0;-10,0;-10,0;-10,0;-10,0;-10,0;-10,0;-10,0;-10,0;-10,0;-10,0;-10,0;-10,0;-10,0;-10,0;-10,0;-10,0;-10,0;-10,0;-10,0;-10,0;-10,0;-10,0;-10,0;-10,0;-10,0;-10,0;-10,0;-10,0;-10,0;-10,0;-10,0;-10,0;-10,0;-10,0;-10,0;-10,0;-10,0;-10,0;-10,0;-10,0;-10,0;-10,0;-10,0;-10,0;-10,0;-10,0;-10,0;-10,0;-10,0;-10,0;-10,0;-10,0;-10,0;-10,0;-10,0;-10,0;-10,0;-10,0;-10,0;-10,0;-10,0;-10,0;-10,0;-10,0;-10,0;929,8696;928,1699;926,46893;924,7815;923,1004;921,4222;919,75696;918,0943;916,4305;914,7783;913,1257;911,47845;909,8492;908,23254;906,6428;905,06165;903,49744;901,93134;900,33344;898,7055;897,0537;895,3752;893,6895;891,98785;890,2613;888,51935;886,77496;885,0435;883,31946;881,6123;879,92;878,25037;876,5877;874,93774;873,2942;871,66174;870,0473;868,44476;866,855;865,2774;863,7099;862,1511;860,60815;859,09094;857,5993;856,1261;854,6709;853,23376;851,81335;850,4111;849,017;847,6189;846,219;844,82184;843,42944;842,04346;840,66547;839,2963;837,9364;836,58624;835,24585;833,90295;832,5578;831,1944;829,82605;828,4538;827,0725;825,67126;824,2508;822,8122;821,357;819,8893;818,4087;816,9187;815,42084;813,9067;812,378;810,83655;809,2841;807,72266;806,1621;804,60175;803,0329;801,457;799,8755;798,2825;796,6766;795,0609;793,4368;791,7929;790,1311;788,4546;786,77856;785,1029;783,4336;781,7707;780,1352;778,5279;776,94934;775,3916;773,8532;772,3221;770,7983;769,2775;767,75854;754,5573;752,9283;751,29266;749,65015;748,00024;746,3528;744,70996;743,04785;741,36646;739,666;737,96875;736,27295;734,5791;732,8894;731,2073;729,5359;727,8811;726,2395;724,5884;722,9282;721,261;719,6011;717,94775;716,301;714,6609;713,02783;711,4016;709,76025;708,1094;706,4502;704,77637;703,0874;701,3948;699,699;698,00073;696,301;694,60034;692,86426;691,09155;689,302;687,49756;685,6826;683,8618;682,01416;680,1382;678,26807;676,4053;674,5503;672,6758;670,79175;668,90625;667,0271;665,155;663,2905;661,4326;659,5808;657,7285;655,87524;654,0283;652,1841;650,34155;648,50024;646,6594;644,8191;642,9795;641,14136;639,3059;637,47266;635,6477;633,8252;632,02515;630,2322;628,43555;626,6365;624,8367;623,0383;621,24414;619,459;617,7036;615,96826;614,23315;612,50073;610,7737;609,0569;607,35425;605,68115;604,01025;602,345;600,69385;599,06226;597,4519;595,8633;594,2971;592,7532;591,2156;589,677;588,1367;586,59033;585,03687;583,4763;581,9082;580,3323;578,7478;577,155;575,5537;573,94336;572,32446;570,697;569,083;567,47754;565,87354;564,27124;562,67114;561,0742;559,4807;557,9114;556,3667;554,8523;553,36523;551,9053;550,4724;549,06665;547,6531;546,2251;544,78015;543,3181;541,8324;540,3231;538,7682;537,16736;535,52026;533,8408;532,15515;530,45105;528,74426;527,03406;525,3264;523,6127;521,89734;520,15686;518,3981;516,6499;514,90454;513,15967;511,4248;509,70032;507,95935;506,2096;504,45142;502,68933;500,93042;499,1693;497,4098;495,6615;493,92725;492,18445;490,4436;488,69788;486,95825;485,2124;483,49634;481,7694;480,04956;478,31873;476,59387;474,86206;473,15967;471,45264;469,74292;468,0287;466,31372;464,60486;462,89722;461,19092;459,48376;457,7727;456,05908;454,3451;452,63245;450,92188;449,21387;
 ;-10,0;-10,0;-10,0;-10,0;-10,0;-10,0;-10,0;-10,0;-10,0;-10,0;-10,0;-10,0;-10,0;-10,0;-10,0;-10,0;-10,0;-10,0;-10,0;-10,0;-10,0;-10,0;-10,0;-10,0;-10,0;-10,0;-10,0;-10,0;-10,0;-10,0;-10,0;-10,0;-10,0;-10,0;-10,0;-10,0;-10,0;-10,0;-10,0;-10,0;-10,0;-10,0;-10,0;-10,0;-10,0;-10,0;-10,0;-10,0;-10,0;-10,0;-10,0;-10,0;-10,0;-10,0;-10,0;-10,0;-10,0;-10,0;-10,0;-10,0;-10,0;-10,0;-10,0;-10,0;-10,0;-10,0;-10,0;-10,0;-10,0;-10,0;-10,0;-10,0;-10,0;-10,0;-10,0;-10,0;-10,0;-10,0;-10,0;-10,0;-10,0;-10,0;-10,0;-10,0;-10,0;-10,0;-10,0;-10,0;-10,0;-10,0;-10,0;-10,0;-10,0;-10,0;-10,0;-10,0;-10,0;-10,0;-10,0;-10,0;-10,0;-10,0;-10,0;-10,0;-10,0;-10,0;144,5747;144,14655;143,73407;143,31879;142,89294;142,45343;141,9898;141,51569;141,0393;140,5437;140,01782;139,46869;138,88214;138,29425;137,69214;137,10486;136,51099;135,9154;135,33081;134,76562;134,18591;133,62366;133,05139;132,52435;132,02393;131,55212;131,08789;130,63788;130,1972;129,77698;129,3811;129,01392;128,65002;128,29822;127,96765;127,644104;127,33069;127,01593;126,69977;126,395325;126,09125;125,79352;125,513306;125,24756;124,99609;124,757385;124,50952;124,235535;123,9364;123,61304;123,27783;122,928406;122,583496;122,25372;121,94141;121,647644;121,372925;121,11664;120,877686;120,65521;120,44794;120,251526;120,06531;119,89551;119,74036;119,58649;119,42566;119,26428;119,104126;118,94733;118,7959;118,64844;118,51007;118,37842;118,25464;118,1557;118,0824;118,035706;118,01636;118,01172;118,013245;118,02252;118,05005;118,096375;118,16217;118,236694;118,332886;118,44751;118,57843;118,720215;118,87158;119,03119;119,20526;119,3858;119,58319;119,79645;120,03491;120,29901;120,58844;120,87689;121,16345;121,45587;121,75592;122,05176;122,3634;96,18793;96,1319;96,078;96,02557;95,97388;95,94275;95,93396;95,944885;95,97528;96,02478;96,10028;96,200806;96,32568;96,474365;96,646484;96,841675;97,01453;97,164;97,331726;97,51526;97,71271;97,91809;98,13251;98,35687;98,59198;98,83832;99,09656;99,32898;99,57715;99,84131;100,078;100,28638;100,510315;100,74921;101,00256;101,270386;101,55286;101,797485;102,00366;102,21173;102,421326;102,63208;102,84296;103,01813;103,16394;103,30499;103,441345;103,573;103,691895;103,80499;103,91431;104,04242;104,18976;104,35675;104,54382;104,75171;104,96057;105,17871;105,38611;105,58276;105,76807;105,93988;106,0954;106,232056;106,33765;106,41919;106,47565;106,50189;106,51941;106,51361;106,4848;106,41284;106,309814;106,17285;106,000244;105,790344;105,54193;105,257324;104,94946;104,61725;104,24945;103,844666;103,40167;102,919556;102,40375;101,87842;101,32007;100,73047;100,11603;99,49823;98,87689;98,2522;97,62439;96,993835;96,37671;95,75232;95,12085;94,48389;93,84186;93,19513;92,543884;91,888794;91,23016;90,56854;89,904175;89,23932;88,57263;87,90619;87,227844;86,56494;85,89441;85,2157;84,528625;83,83325;83,12976;82,40747;81,689026;80,993835;80,31738;79,657166;79,011536;78,37933;77,78467;77,20422;76,63733;76,083984;75,52289;74,9538;74,381836;73,80737;73,23169;72,68048;72,154175;71,628174;71,11328;70,5918;70,082886;69,57294;69,087524;68,583374;68,060486;67,54181;67,08307;66,64557;66,203674;65,75897;65,3465;64,94208;64,54559;64,1593;63,759155;63,35205;62,944397;62,536804;62,147644;61,76715;61,37274;60,981384;60,575317;60,164;59,733337;59,30432;58,860657;58,427673;57,98767;57,537354;57,072937;56,59839;56,17737;55,7619;55,352478;54,925232;54,48065;54,018555;53,58496;53,17987;52,752808;52,306763;51,842896;51,361633;50,86322;

251;-10,0;-10,0;-10,0;-10,0;-10,0;-10,0;-10,0;-10,0;-10,0;-10,0;-10,0;-10,0;-10,0;-10,0;-10,0;-10,0;-10,0;-10,0;-10,0;-10,0;-10,0;-10,0;-10,0;-10,0;-10,0;-10,0;-10,0;-10,0;-10,0;-10,0;-10,0;-10,0;-10,0;-10,0;-10,0;-10,0;-10,0;-10,0;-10,0;-10,0;-10,0;-10,0;-10,0;-10,0;-10,0;-10,0;-10,0;-10,0;-10,0;-10,0;-10,0;-10,0;-10,0;-10,0;-10,0;-10,0;-10,0;-10,0;-10,0;-10,0;-10,0;-10,0;-10,0;-10,0;-10,0;-10,0;-10,0;-10,0;-10,0;-10,0;-10,0;-10,0;-10,0;-10,0;-10,0;-10,0;-10,0;-10,0;-10,0;-10,0;-10,0;-10,0;-10,0;-10,0;-10,0;-10,0;-10,0;-10,0;-10,0;-10,0;-10,0;-10,0;-10,0;-10,0;-10,0;-10,0;-10,0;-10,0;-10,0;-10,0;-10,0;-10,0;-10,0;-10,0;-10,0;-10,0;-10,0;-10,0;-10,0;358,35962;358,44702;358,53503;358,62378;358,7135;358,80444;358,89685;358,99097;359,0979;359,2168;359,33887;359,46362;359,59106;359,72058;359,87207;360,04407;360,23853;360,45337;360,69324;360,96973;361,28162;361,58008;361,85864;362,11536;362,38025;362,64282;362,91895;363,20483;363,51038;363,82117;364,13623;364,45496;364,77686;365,0957;365,40027;365,6897;365,97766;366,26392;366,5171;366,77063;367,01953;367,23706;367,43787;367,6372;367,79883;367,95886;368,08765;368,20422;368,3048;368,4082;368,5431;368,6598;368,7777;368,88647;368,98474;369,08643;369,19214;369,30676;369,42224;369,552;369,70276;369,89062;370,11328;370,36926;370,6139;370,891;371,19348;371,5172;371,86768;372,203;372,55383;372,9143;373,28162;373,6765;374,05432;374,45337;374,86365;375,28137;375,6692;376,03198;376,39465;376,75183;377,09998;377,43848;377,7317;378,00793;378,30994;378,63525;378,98364;379,34314;379,66187;379,94165;380,18787;380,4176;380,62573;380,83032;381,00977;381,17664;381,31726;381,45093;381,55103;381,64905;381,71045;381,7661;381,81702;381,87988;381,94495;382,02405;382,1012;382,19287;382,29346;382,4098;382,53027;382,65186;382,77283;382,90955;383,05164;383,19373;383,3506;383,52637;383,72168;383,95117;384,21497;384,51306;384,84534;385,21106;385,5924;385,9879;386,39612;386,81592;387,24597;387,6704;388,09058;388,52173;388,9796;389,44592;389,90576;390,36035;390,8108;391,25745;391,7002;392,1394;392,57495;392,99414;393,39673;393,7821;394,1654;394,53162;394,8794;395,2085;395,51843;395,82568;396,135;396,44604;396,75854;397,05603;397,33862;397,60657;397,85974;398,114;398,3694;398,62573;398,88293;399,14062;399,39905;399,6715;399,95728;400,25378;400,56128;400,86487;401,18042;401,5083;401,849;402,18787;402,55322;402,9121;403,26514;403,6123;403,95374;404,29004;404,62146;404,9491;405,27393;405,59753;405,95276;406,31213;406,67554;407,04236;407,4121;407,78198;408,1687;408,56873;408,98218;409,40906;409,84973;410,3164;410,80786;411,29382;411,7755;412,2522;412,72375;413,18994;413,667;414,172;414,67957;415,18933;415,70056;416,2129;416,72534;417,22095;417,7119;418,19763;418,66895;419,12524;419,58264;420,0409;420,4828;420,90845;421,31616;421,7074;422,08167;422,4391;422,77795;
 ;-10,0;-10,0;-10,0;-10,0;-10,0;-10,0;-10,0;-10,0;-10,0;-10,0;-10,0;-10,0;-10,0;-10,0;-10,0;-10,0;-10,0;-10,0;-10,0;-10,0;-10,0;-10,0;-10,0;-10,0;-10,0;-10,0;-10,0;-10,0;-10,0;-10,0;-10,0;-10,0;-10,0;-10,0;-10,0;-10,0;-10,0;-10,0;-10,0;-10,0;-10,0;-10,0;-10,0;-10,0;-10,0;-10,0;-10,0;-10,0;-10,0;-10,0;-10,0;-10,0;-10,0;-10,0;-10,0;-10,0;-10,0;-10,0;-10,0;-10,0;-10,0;-10,0;-10,0;-10,0;-10,0;-10,0;-10,0;-10,0;-10,0;-10,0;-10,0;-10,0;-10,0;-10,0;-10,0;-10,0;-10,0;-10,0;-10,0;-10,0;-10,0;-10,0;-10,0;-10,0;-10,0;-10,0;-10,0;-10,0;-10,0;-10,0;-10,0;-10,0;-10,0;-10,0;-10,0;-10,0;-10,0;-10,0;-10,0;-10,0;-10,0;-10,0;-10,0;-10,0;-10,0;-10,0;-10,0;-10,0;-10,0;335,17914;336,75555;338,34113;339,93567;341,53918;343,1513;344,77185;346,4004;348,0354;349,67694;351,32483;352,97882;354,63855;356,30383;357,963;359,61768;361,28613;362,9572;364,63477;366,33185;368,0456;369,76886;371,49762;373,2303;374,98242;376,75403;378,53656;380,325;382,10272;383,88245;385,66473;387,45032;389,24005;391,0273;392,8255;394,6308;396,414;398,19864;400,00256;401,79858;403,58942;405,40057;407,22073;409,042;410,8698;412,69717;414,51572;416,32227;418,1352;419,9378;421,7263;423,50775;425,29245;427,0802;428,8706;430,66556;432,46225;434,26245;436,06458;437,869;439,66968;441,45355;443,2186;444,96948;446,71667;448,46976;450,22327;451,9734;453,72192;455,4651;457,21082;458,95898;460,70374;462,4602;464,22412;465,9934;467,76172;469,5232;471,2788;473,03027;474,77856;476,526;478,27026;480,01013;481,75244;483,50073;485,24707;486,99182;488,7339;490,47083;492,20642;493,92822;495,64343;497,37073;499,10693;500,84338;502,59143;504,33838;506,09473;507,84387;509,59753;511,34216;513,0906;514,8296;516,58057;518,3312;520,09424;521,8572;523,63367;525,4104;527,19995;528,98926;530,792;532,5835;534,37634;536,1427;537,9015;539,65393;541,4221;543,1915;544,9695;546,73425;548,49243;550,24146;551,9846;553,7163;555,4396;557,15564;558,8656;560,5708;562,27234;563,96106;565,6376;567,3124;568,9758;570,6227;572,24414;573,843;575,42017;576,97644;578,51245;580,0288;581,526;583,01184;584,48645;585,9502;587,41455;588,8889;590,3773;591,87976;593,39624;594,9335;596,49097;598,06946;599,6692;601,28296;602,9104;604,551;606,20447;607,8782;609,57104;611,2805;613,00305;614,7367;616,4806;618,22;619,9634;621,7103;623,4601;625,2019;626,9452;628,6897;630,43494;632,17004;633,8917;635,584;637,24963;638,89075;640,5084;642,1033;643,6754;645,2252;646,7527;648,2627;649,7698;651,2992;652,8517;654,4275;656,02673;657,64514;659,2728;660,9059;662,5438;664,18616;665,83203;667,4674;669,08826;670,6804;672,2467;673,78674;675,3014;676,791;678,2604;679,7196;681,1957;682,6886;684,19824;685,7245;687,26697;688,8185;690,36365;691,90063;693,44714;695,0029;696,5746;698,1621;699,7588;701,364;702,9761;704,5962;706,2241;707,8594;709,49963;

252;-10,0;-10,0;-10,0;-10,0;-10,0;-10,0;-10,0;-10,0;-10,0;-10,0;-10,0;-10,0;-10,0;-10,0;-10,0;-10,0;-10,0;-10,0;-10,0;-10,0;-10,0;-10,0;-10,0;-10,0;-10,0;-10,0;-10,0;-10,0;-10,0;-10,0;-10,0;-10,0;-10,0;-10,0;-10,0;-10,0;-10,0;-10,0;-10,0;-10,0;-10,0;-10,0;-10,0;-10,0;-10,0;-10,0;-10,0;-10,0;-10,0;-10,0;-10,0;-10,0;-10,0;-10,0;-10,0;-10,0;-10,0;-10,0;-10,0;-10,0;-10,0;-10,0;-10,0;-10,0;-10,0;-10,0;-10,0;-10,0;-10,0;-10,0;-10,0;-10,0;-10,0;-10,0;-10,0;-10,0;-10,0;-10,0;-10,0;-10,0;-10,0;-10,0;-10,0;-10,0;-10,0;-10,0;-10,0;-10,0;-10,0;-10,0;-10,0;-10,0;-10,0;-10,0;-10,0;-10,0;-10,0;-10,0;-10,0;-10,0;-10,0;-10,0;-10,0;-10,0;-10,0;-10,0;-10,0;-10,0;-10,0;-10,0;-10,0;-10,0;-10,0;-10,0;-10,0;-10,0;-10,0;-10,0;-10,0;573,6958;
 ;-10,0;-10,0;-10,0;-10,0;-10,0;-10,0;-10,0;-10,0;-10,0;-10,0;-10,0;-10,0;-10,0;-10,0;-10,0;-10,0;-10,0;-10,0;-10,0;-10,0;-10,0;-10,0;-10,0;-10,0;-10,0;-10,0;-10,0;-10,0;-10,0;-10,0;-10,0;-10,0;-10,0;-10,0;-10,0;-10,0;-10,0;-10,0;-10,0;-10,0;-10,0;-10,0;-10,0;-10,0;-10,0;-10,0;-10,0;-10,0;-10,0;-10,0;-10,0;-10,0;-10,0;-10,0;-10,0;-10,0;-10,0;-10,0;-10,0;-10,0;-10,0;-10,0;-10,0;-10,0;-10,0;-10,0;-10,0;-10,0;-10,0;-10,0;-10,0;-10,0;-10,0;-10,0;-10,0;-10,0;-10,0;-10,0;-10,0;-10,0;-10,0;-10,0;-10,0;-10,0;-10,0;-10,0;-10,0;-10,0;-10,0;-10,0;-10,0;-10,0;-10,0;-10,0;-10,0;-10,0;-10,0;-10,0;-10,0;-10,0;-10,0;-10,0;-10,0;-10,0;-10,0;-10,0;-10,0;-10,0;-10,0;-10,0;-10,0;-10,0;-10,0;-10,0;-10,0;-10,0;-10,0;-10,0;-10,0;239,64685;

253;-10,0;-10,0;-10,0;-10,0;-10,0;-10,0;-10,0;-10,0;-10,0;-10,0;-10,0;-10,0;-10,0;-10,0;-10,0;-10,0;-10,0;-10,0;-10,0;-10,0;-10,0;-10,0;-10,0;-10,0;-10,0;-10,0;-10,0;-10,0;-10,0;-10,0;-10,0;-10,0;-10,0;-10,0;-10,0;-10,0;-10,0;-10,0;-10,0;-10,0;-10,0;-10,0;-10,0;-10,0;-10,0;-10,0;-10,0;-10,0;-10,0;-10,0;-10,0;-10,0;-10,0;-10,0;-10,0;-10,0;-10,0;-10,0;-10,0;-10,0;-10,0;-10,0;-10,0;-10,0;-10,0;-10,0;-10,0;-10,0;-10,0;-10,0;-10,0;-10,0;-10,0;-10,0;-10,0;-10,0;-10,0;-10,0;-10,0;-10,0;-10,0;-10,0;-10,0;-10,0;-10,0;-10,0;-10,0;-10,0;-10,0;-10,0;-10,0;-10,0;-10,0;-10,0;-10,0;-10,0;-10,0;-10,0;-10,0;-10,0;-10,0;-10,0;-10,0;-10,0;-10,0;-10,0;-10,0;-10,0;-10,0;-10,0;-10,0;-10,0;-10,0;-10,0;-10,0;-10,0;-10,0;-10,0;-10,0;-10,0;-10,0;576,82446;578,38745;579,9719;581,56323;583,177;584,7969;586,42944;588,06055;589,7053;591,3469;592,98755;
 ;-10,0;-10,0;-10,0;-10,0;-10,0;-10,0;-10,0;-10,0;-10,0;-10,0;-10,0;-10,0;-10,0;-10,0;-10,0;-10,0;-10,0;-10,0;-10,0;-10,0;-10,0;-10,0;-10,0;-10,0;-10,0;-10,0;-10,0;-10,0;-10,0;-10,0;-10,0;-10,0;-10,0;-10,0;-10,0;-10,0;-10,0;-10,0;-10,0;-10,0;-10,0;-10,0;-10,0;-10,0;-10,0;-10,0;-10,0;-10,0;-10,0;-10,0;-10,0;-10,0;-10,0;-10,0;-10,0;-10,0;-10,0;-10,0;-10,0;-10,0;-10,0;-10,0;-10,0;-10,0;-10,0;-10,0;-10,0;-10,0;-10,0;-10,0;-10,0;-10,0;-10,0;-10,0;-10,0;-10,0;-10,0;-10,0;-10,0;-10,0;-10,0;-10,0;-10,0;-10,0;-10,0;-10,0;-10,0;-10,0;-10,0;-10,0;-10,0;-10,0;-10,0;-10,0;-10,0;-10,0;-10,0;-10,0;-10,0;-10,0;-10,0;-10,0;-10,0;-10,0;-10,0;-10,0;-10,0;-10,0;-10,0;-10,0;-10,0;-10,0;-10,0;-10,0;-10,0;-10,0;-10,0;-10,0;-10,0;-10,0;-10,0;241,4873;242,40851;243,31488;244,22357;245,11365;245,99915;246,86859;247,73071;248,57959;249,43591;250,30682;

254;-10,0;-10,0;-10,0;-10,0;-10,0;-10,0;-10,0;-10,0;-10,0;-10,0;-10,0;-10,0;-10,0;-10,0;-10,0;-10,0;-10,0;-10,0;-10,0;-10,0;-10,0;-10,0;-10,0;-10,0;-10,0;-10,0;-10,0;-10,0;-10,0;-10,0;-10,0;-10,0;-10,0;-10,0;-10,0;-10,0;-10,0;-10,0;-10,0;-10,0;-10,0;-10,0;-10,0;-10,0;-10,0;-10,0;-10,0;-10,0;-10,0;-10,0;-10,0;-10,0;-10,0;-10,0;-10,0;-10,0;-10,0;-10,0;-10,0;-10,0;-10,0;-10,0;-10,0;-10,0;-10,0;-10,0;-10,0;-10,0;-10,0;-10,0;-10,0;-10,0;-10,0;-10,0;-10,0;-10,0;-10,0;-10,0;-10,0;-10,0;-10,0;-10,0;-10,0;-10,0;-10,0;-10,0;-10,0;-10,0;-10,0;-10,0;-10,0;-10,0;-10,0;-10,0;-10,0;-10,0;-10,0;-10,0;-10,0;-10,0;-10,0;-10,0;-10,0;-10,0;-10,0;-10,0;-10,0;-10,0;-10,0;-10,0;-10,0;-10,0;-10,0;-10,0;-10,0;-10,0;-10,0;-10,0;-10,0;-10,0;-10,0;-10,0;-10,0;-10,0;-10,0;-10,0;-10,0;-10,0;-10,0;-10,0;-10,0;-10,0;-10,0;596,251;597,8716;599,4822;601,09106;602,68896;604,26807;605,82495;607,3613;608,8838;610,38477;611,87476;613,3491;614,8176;616,26196;617,69775;619,10864;620,4907;621,83813;623,1472;624,4231;625,66797;626,88403;628,0708;629,2239;630,3396;631,42505;632,4758;633,4995;634,4949;635,46875;636,42847;637,36865;638,291;639,21606;640,1443;641,07666;642,0112;642,94165;643,8601;644,7656;645,66797;646,5747;647,4844;648,3811;649,2739;650,15137;651,02075;651,87354;652,71436;653,5364;654,34326;655,12573;655,89453;656,6438;657,37427;658,08813;658,7864;659,4717;660,1538;660,8345;661,52075;662,2136;662,917;663,62524;664,3396;665,05347;665,76807;666,48267;667,1875;667,88184;668,56934;669,2495;669,9326;670,6094;671,2844;671,9617;672,6426;673,3237;674,0039;674,6826;675,35913;676,04346;676,7363;677,4414;678,1477;678,85645;679,57007;680,2871;681,0095;681,74365;682,4907;683,2385;683,9883;684,7356;685,47363;686,2014;686,92163;687,6426;688,35693;689,07275;689,81226;690,56836;691,34204;692,1223;692,8816;693,6216;694,34546;695,05347;695,7495;696,4309;697,1028;697,76294;698,4192;699,0613;699,7019;700,35767;701,0193;701,69824;702,3911;
 ;-10,0;-10,0;-10,0;-10,0;-10,0;-10,0;-10,0;-10,0;-10,0;-10,0;-10,0;-10,0;-10,0;-10,0;-10,0;-10,0;-10,0;-10,0;-10,0;-10,0;-10,0;-10,0;-10,0;-10,0;-10,0;-10,0;-10,0;-10,0;-10,0;-10,0;-10,0;-10,0;-10,0;-10,0;-10,0;-10,0;-10,0;-10,0;-10,0;-10,0;-10,0;-10,0;-10,0;-10,0;-10,0;-10,0;-10,0;-10,0;-10,0;-10,0;-10,0;-10,0;-10,0;-10,0;-10,0;-10,0;-10,0;-10,0;-10,0;-10,0;-10,0;-10,0;-10,0;-10,0;-10,0;-10,0;-10,0;-10,0;-10,0;-10,0;-10,0;-10,0;-10,0;-10,0;-10,0;-10,0;-10,0;-10,0;-10,0;-10,0;-10,0;-10,0;-10,0;-10,0;-10,0;-10,0;-10,0;-10,0;-10,0;-10,0;-10,0;-10,0;-10,0;-10,0;-10,0;-10,0;-10,0;-10,0;-10,0;-10,0;-10,0;-10,0;-10,0;-10,0;-10,0;-10,0;-10,0;-10,0;-10,0;-10,0;-10,0;-10,0;-10,0;-10,0;-10,0;-10,0;-10,0;-10,0;-10,0;-10,0;-10,0;-10,0;-10,0;-10,0;-10,0;-10,0;-10,0;-10,0;-10,0;-10,0;-10,0;-10,0;-10,0;252,08325;252,98157;253,8988;254,8139;255,73071;256,65118;257,58832;258,53973;259,50238;260,47333;261,4453;262,4323;263,42877;264,4464;265,47522;266,52203;267,5829;268,66162;269,75635;270,8686;272,00018;273,14392;274,31335;275,50568;276,7135;277,9273;279,1386;280,3623;281,5985;282,859;284,13336;285,42145;286,72522;288,03497;289,34686;290,65704;291,9751;293,3017;294,64252;295,9812;297,30585;298,62238;299,94275;301,27863;302,6172;303,96942;305,3274;306,68738;308,0476;309,41028;310,78314;312,15814;313,53723;314,9306;316,34198;317,77094;319,21716;320,67035;322,12506;323,5799;325,03577;326,4903;327,9477;329,41022;330,8822;332,36847;333,86835;335,3816;336,9048;338,43817;339,98407;341,54376;343,1186;344,69928;346,29156;347,89392;349,5053;351,11945;352,7387;354,36322;355,9928;357,6336;359,2832;360,9422;362,6007;364,25885;365,91516;367,56793;369,2177;370,86432;372,51056;374,15027;375,78754;377,41595;379,0407;380,65662;382,26587;383,8603;385,43726;387,0031;388,56296;390,11957;391,67078;393,2198;394,76465;396,29764;397,82034;399,33304;400,83154;402,31952;403,7965;405,27;406,73907;408,2041;409,6566;411,09467;412,51987;413,93082;415,32443;

255;-10,0;-10,0;-10,0;-10,0;-10,0;-10,0;-10,0;-10,0;-10,0;-10,0;-10,0;-10,0;-10,0;-10,0;-10,0;-10,0;-10,0;-10,0;-10,0;-10,0;-10,0;-10,0;-10,0;-10,0;-10,0;-10,0;-10,0;-10,0;-10,0;-10,0;-10,0;-10,0;-10,0;-10,0;-10,0;-10,0;-10,0;-10,0;-10,0;-10,0;-10,0;-10,0;-10,0;-10,0;-10,0;-10,0;-10,0;-10,0;-10,0;-10,0;-10,0;-10,0;-10,0;-10,0;-10,0;-10,0;-10,0;-10,0;-10,0;-10,0;-10,0;-10,0;-10,0;-10,0;-10,0;-10,0;-10,0;-10,0;-10,0;-10,0;-10,0;-10,0;-10,0;-10,0;-10,0;-10,0;-10,0;-10,0;-10,0;-10,0;-10,0;-10,0;-10,0;-10,0;-10,0;-10,0;-10,0;-10,0;-10,0;-10,0;-10,0;-10,0;-10,0;-10,0;-10,0;-10,0;-10,0;-10,0;-10,0;-10,0;-10,0;-10,0;-10,0;-10,0;-10,0;-10,0;-10,0;-10,0;-10,0;-10,0;-10,0;-10,0;-10,0;-10,0;-10,0;-10,0;-10,0;-10,0;-10,0;-10,0;-10,0;-10,0;-10,0;-10,0;-10,0;-10,0;-10,0;-10,0;-10,0;-10,0;-10,0;-10,0;-10,0;-10,0;-10,0;-10,0;-10,0;-10,0;-10,0;-10,0;-10,0;-10,0;-10,0;-10,0;-10,0;-10,0;-10,0;-10,0;-10,0;-10,0;-10,0;1080,8243;1079,8245;1078,837;1077,8617;1076,8959;1075,944;1074,997;1074,055;1073,0964;1072,1082;1071,12;1070,1582;1069,2269;1068,2749;1067,3219;1066,3376;1065,3422;1064,3685;1063,425;1062,475;1061,529;1060,583;1059,6064;1058,6184;1057,6223;1056,6439;1055,6937;1054,7715;1053,8391;1052,8788;1051,8921;1050,9022;1049,9193;1048,9602;1048,0175;1047,0587;1046,0784;1045,0934;1044,0975;1043,0979;1042,0966;1041,1094;1040,1256;1039,1335;1038,1412;1037,1598;1036,2096;1035,2893;1034,399;1033,5267;1032,6862;1031,867;1031,0781;1030,3164;1029,5657;1028,8129;1028,0511;1027,276;1026,4897;1025,6925;1024,8827;1024,0746;1023,2578;1022,4493;1021,6531;1020,8637;1020,08997;1019,3149;1018,53766;1017,7529;1016,9544;1016,14954;1015,3263;1014,4954;1013,6659;1012,82135;1011,963;1011,10315;1010,2329;1009,342;1008,4661;1007,58777;1006,7219;1005,8562;1004,9879;1004,1398;1003,2969;1002,45105;1001,6304;1000,8364;1000,04987;999,2834;998,50104;997,7065;996,8816;996,05743;995,2298;994,38617;993,5352;992,69354;991,8494;991,00415;990,1604;989,3182;988,47217;987,62634;986,777;985,92914;985,07465;984,20685;983,3344;982,4576;981,57556;980,67615;979,7539;978,81714;977,8604;976,88635;975,8876;974,8687;973,83746;972,7945;971,7438;970,6818;969,60596;968,523;967,43475;966,357;965,28357;964,1998;963,1047;961,99036;960,8702;959,7427;958,5955;957,4418;956,2809;955,1085;953,9221;952,72253;951,5155;950,28864;949,04333;947,798;946,5642;945,35394;944,1391;942,9226;941,73236;940,56537;939,405;938,2496;937,10364;935,9864;934,8859;933,80255;932,7326;931,6753;930,6261;929,6035;928,6032;927,62164;926,6456;925,6901;924,7366;923,78876;922,8216;921,8259;920,8033;919,7606;918,6938;917,6292;916,55365;915,4602;914,34674;913,2016;912,02594;910,83984;909,6506;908,4524;907,2476;906,01996;904,76874;903,49963;902,21936;900,91876;899,601;898,2656;896,91113;895,53925;894,1516;892,75055;891,32965;889,8963;888,4684;887,03735;885,6105;884,1901;882,7876;881,3933;880,01;878,6342;877,25525;875,86755;874,47125;873,0703;871,6567;870,2377;868,8207;867,39325;865,9403;864,4613;862,9543;861,4213;859,8758;858,31665;856,7359;855,11993;853,478;851,822;850,15015;848,4693;846,7817;845,08374;843,3914;841,6851;839,98676;838,27985;836,5766;834,87085;833,17664;831,4747;829,7613;828,03705;826,29565;824,55707;822,81165;821,0728;819,33673;817,5925;815,8376;
 ;-10,0;-10,0;-10,0;-10,0;-10,0;-10,0;-10,0;-10,0;-10,0;-10,0;-10,0;-10,0;-10,0;-10,0;-10,0;-10,0;-10,0;-10,0;-10,0;-10,0;-10,0;-10,0;-10,0;-10,0;-10,0;-10,0;-10,0;-10,0;-10,0;-10,0;-10,0;-10,0;-10,0;-10,0;-10,0;-10,0;-10,0;-10,0;-10,0;-10,0;-10,0;-10,0;-10,0;-10,0;-10,0;-10,0;-10,0;-10,0;-10,0;-10,0;-10,0;-10,0;-10,0;-10,0;-10,0;-10,0;-10,0;-10,0;-10,0;-10,0;-10,0;-10,0;-10,0;-10,0;-10,0;-10,0;-10,0;-10,0;-10,0;-10,0;-10,0;-10,0;-10,0;-10,0;-10,0;-10,0;-10,0;-10,0;-10,0;-10,0;-10,0;-10,0;-10,0;-10,0;-10,0;-10,0;-10,0;-10,0;-10,0;-10,0;-10,0;-10,0;-10,0;-10,0;-10,0;-10,0;-10,0;-10,0;-10,0;-10,0;-10,0;-10,0;-10,0;-10,0;-10,0;-10,0;-10,0;-10,0;-10,0;-10,0;-10,0;-10,0;-10,0;-10,0;-10,0;-10,0;-10,0;-10,0;-10,0;-10,0;-10,0;-10,0;-10,0;-10,0;-10,0;-10,0;-10,0;-10,0;-10,0;-10,0;-10,0;-10,0;-10,0;-10,0;-10,0;-10,0;-10,0;-10,0;-10,0;-10,0;-10,0;-10,0;-10,0;-10,0;-10,0;-10,0;-10,0;-10,0;-10,0;-10,0;-10,0;503,46826;505,0973;506,73096;508,37024;510,02234;511,68945;513,3545;515,01355;516,6571;518,28186;519,9076;521,54626;523,2013;524,8511;526,5067;528,13916;529,75146;531,3699;533,00574;534,63745;536,2671;537,9027;539,51587;541,1185;542,71423;544,3214;545,9448;547,58765;549,23047;550,86084;552,48096;554,08984;555,6981;557,32214;558,95935;560,5941;562,2146;563,83325;565,43787;567,03613;568,62634;570,23254;571,84314;573,4459;575,0397;576,6295;578,225;579,8318;581,4441;583,05347;584,6764;586,29663;587,9187;589,5376;591,1616;592,77844;594,39014;596,00195;597,60156;599,1836;600,76843;602,3583;603,9429;605,52;607,0841;608,64417;610,20056;611,7395;613,2809;614,83264;616,39465;617,95886;619,51074;621,06506;622,6173;624,166;625,708;627,25684;628,8252;630,39124;631,9718;633,5582;635,1598;636,77527;638,3888;640,01;641,62744;643,24756;644,886;646,5408;648,1863;649,8385;651,4868;653,1233;654,749;656,37427;657,99243;659,60156;661,2052;662,8146;664,428;666,0383;667,65344;669,26697;670,8678;672,4564;674,027;675,5851;677,1201;678,6299;680,13306;681,6301;683,1205;684,59375;686,0421;687,4746;688,8937;690,2997;691,6897;693,0696;694,4508;695,8351;697,21875;698,60046;699,9791;701,3552;702,7285;704,11584;705,51355;706,9147;708,318;709,7134;711,1083;712,50366;713,88354;715,25354;716,6123;717,9547;719,277;720,58813;721,88135;723,15015;724,39465;725,62256;726,84766;728,0831;729,3313;730,5802;731,8386;733,09937;734,3696;735,63525;736,90234;738,17834;739,4668;740,7633;742,0604;743,3618;744,67664;746,0111;747,3508;748,6865;750,0277;751,37585;752,7134;754,0409;755,3541;756,65295;757,9364;759,2167;760,48047;761,74023;762,9977;764,25916;765,5228;766,7794;768,026;769,27356;770,5178;771,75354;772,98645;774,2118;775,42175;776,6231;777,821;779,0167;780,2213;781,4313;782,63104;783,8226;785,0052;786,1787;787,34125;788,49054;789,6398;790,7871;791,92914;793,06323;794,2056;795,35864;796,5153;797,6734;798,8194;799,9504;801,0816;802,2047;803,32605;804,42694;805,52716;806,606;807,659;808,68555;809,6797;810,6472;811,5983;812,5425;813,47253;814,3934;815,30334;816,21484;817,12384;818,02386;818,9203;819,7923;820,6361;821,4498;822,2491;823,0111;823,74335;824,4565;825,16736;825,871;826,58026;827,2807;827,9941;828,6756;829,36005;830,0211;830,68335;831,30084;831,90704;

